ColonyID,Round,Pollen,Infection,SampleWeek,BeeID,WingSize
32,2A,S,I,8,2193,1.697
29,2B,W,I,8,2262,1.727
45,2B,S,I,4,800,1.729
41,2B,S,U,5,1216,1.732
12,1A,S,U,5,586,1.785
26,2B,S,U,6,1585,1.789
47,2B,W,I,5,1185,1.835
43,2A,W,I,9,2537,1.866
27,2A,W,U,6,1481,1.871
44,2B,W,U,5,1218,1.872
22,1B,S,U,8,1802,1.877
45,2B,S,I,10,2794,1.883
47,2B,W,I,7,1929,1.898
8,1A,S,I,8,1656,1.9
29,2B,W,I,10,2811,1.906
17,1B,W,U,9,2154,1.907
8,1A,S,I,7,1285,1.908
33,2B,W,I,9,2635,1.91
36,2A,W,U,7,1888,1.916
23,1B,W,U,9,2164,1.919
41,2B,S,U,10,2893,1.922
15,1B,W,U,4,360,1.927
2,1A,S,I,3,61,1.931
23,1B,W,U,6,1001,1.931
6,1B,S,I,6,1008,1.931
36,2A,W,U,6,1513,1.931
47,2B,W,I,7,1930,1.937
7,1B,S,U,6,970,1.948
50,2A,S,U,9,2569,1.95
29,2B,W,I,10,2804,1.951
5,1A,S,U,8,1675,1.953
17,1B,W,U,4,348,1.955
48,2B,W,U,10,2862,1.957
8,1A,S,I,8,1654,1.96
47,2B,W,I,6,1567,1.962
2,1A,S,I,8,1644,1.967
32,2A,S,I,4,788,1.975
33,2B,W,I,10,2824,1.976
17,1B,W,U,10,2508,1.977
43,2A,W,I,10,2739,1.977
43,2A,W,I,10,2740,1.978
46,2B,W,U,6,1609,1.984
25,1A,S,I,10,2352,1.985
41,2B,S,U,9,2693,1.986
50,2A,S,U,10,2767,1.987
8,1A,S,I,6,957,1.992
7,1B,S,U,4,367,1.994
38,2A,S,U,10,2786,1.994
4,1A,W,U,10,2411,1.996
22,1B,S,U,8,1799,1.998
21,1A,W,I,3,82,1.999
16,1A,W,I,4,270,2.001
5,1A,S,U,7,1329,2.003
28,2A,W,I,6,1479,2.003
7,1B,S,U,6,969,2.004
7,1B,S,U,6,977,2.004
42,2A,S,I,6,1439,2.005
22,1B,W,U,5,696,2.007
43,2A,W,I,9,2535,2.01
3,1A,W,U,5,595,2.013
7,1B,S,U,4,375,2.016
1,1B,S,I,10,2448,2.017
45,2B,S,I,4,802,2.018
23,1B,W,U,7,1426,2.019
12,1A,S,U,5,616,2.02
28,2A,W,I,4,771,2.02
3,1A,W,U,6,901,2.02
8,1A,S,I,8,1653,2.021
8,1A,S,I,9,1989,2.022
6,1B,S,I,10,2439,2.024
25,1A,S,I,3,76,2.025
5,1A,S,U,6,879,2.025
22,1B,S,U,8,1803,2.025
21,1A,W,I,5,549,2.027
14,1B,W,I,8,1730,2.027
16,1A,W,I,7,1246,2.029
18,1B,W,I,7,1375,2.03
27,2A,W,U,6,1487,2.031
14,1B,W,I,7,1353,2.032
12,1A,S,U,5,585,2.033
28,2A,W,I,6,1477,2.033
29,2B,W,I,8,2269,2.033
29,2B,W,I,9,2618,2.038
45,2B,S,I,9,2630,2.038
36,2A,W,U,5,1147,2.04
29,2B,W,I,7,1896,2.041
30,2A,S,I,7,1834,2.044
1,1B,S,I,8,1723,2.045
38,2A,S,U,9,2578,2.048
6,1B,S,I,10,2440,2.051
21,1A,W,I,4,299,2.055
46,2B,W,U,6,1611,2.056
22,1B,S,U,10,2482,2.057
29,2B,W,I,10,2810,2.057
23,1B,W,U,6,1006,2.059
15,1B,W,U,4,364,2.06
42,2A,S,I,7,1805,2.06
29,2B,W,I,8,2268,2.063
15,1B,W,U,4,361,2.064
4,1A,W,U,9,2061,2.064
50,2A,S,U,7,1854,2.07
45,2B,S,I,7,1923,2.074
1,1B,S,I,4,406,2.075
14,1B,W,I,9,2108,2.075
3,1A,W,U,5,591,2.077
26,2B,S,U,9,2687,2.077
43,2A,W,I,5,1063,2.078
22,1B,S,U,4,356,2.079
16,1A,W,I,9,1999,2.08
47,2B,W,I,4,834,2.081
23,1B,W,U,6,1005,2.081
1,1B,S,I,6,1040,2.082
6,1B,S,I,7,1344,2.082
14,1B,W,I,9,2102,2.085
28,2A,W,I,4,774,2.086
2,1A,S,I,6,944,2.086
5,1A,S,U,5,579,2.088
36,2A,W,U,9,2590,2.089
28,2A,W,I,8,2196,2.09
16,1A,W,I,4,272,2.091
17,1B,W,U,8,1781,2.091
45,2B,S,I,7,1924,2.092
47,2B,W,I,9,2653,2.092
47,2B,W,I,10,2841,2.095
7,1B,S,U,7,1399,2.096
38,2A,S,U,7,1856,2.097
43,2A,W,I,7,1841,2.098
12,1A,S,U,9,2034,2.098
11,1A,S,U,7,1301,2.099
8,1A,S,I,8,1648,2.099
34,2A,S,U,8,2223,2.099
26,2B,S,U,6,1592,2.1
46,2B,W,U,6,1605,2.1
15,1B,W,U,4,363,2.101
8,1A,S,I,6,958,2.104
41,2B,S,U,4,854,2.105
3,1A,W,U,10,2417,2.107
23,1B,W,U,9,2162,2.108
14,1B,W,I,8,1731,2.11
12,1A,S,U,3,91,2.111
5,1A,S,U,8,1673,2.111
43,2A,W,I,9,2534,2.111
25,1A,S,I,4,287,2.112
9,1B,W,I,6,1035,2.112
34,2A,S,U,5,1105,2.112
4,1A,W,U,7,1313,2.112
1,1B,S,I,7,1371,2.112
2,1A,S,I,8,1645,2.115
7,1B,S,U,6,973,2.116
25,1A,S,I,3,79,2.117
27,2A,W,U,5,1138,2.118
46,2B,W,U,5,1204,2.12
21,1A,W,I,7,1264,2.12
34,2A,S,U,4,779,2.121
6,1B,S,I,6,1010,2.121
44,2B,W,U,5,1225,2.122
14,1B,W,I,7,1350,2.122
2,1A,S,I,6,942,2.123
45,2B,S,I,8,2298,2.124
29,2B,W,I,9,2619,2.124
32,2A,S,I,3,444,2.126
8,1A,S,I,6,954,2.127
5,1A,S,U,7,1325,2.127
28,2A,W,I,8,2199,2.127
41,2B,S,U,9,2697,2.127
34,2A,S,U,5,1112,2.131
11,1A,S,U,8,1685,2.131
29,2B,W,I,8,2270,2.131
5,1A,S,U,6,877,2.132
30,2A,S,I,9,2544,2.132
7,1B,S,U,3,145,2.133
14,1B,W,I,8,1735,2.133
23,1B,W,U,9,2166,2.133
9,1B,W,I,8,1751,2.134
9,1B,W,I,10,2472,2.135
7,1B,S,U,8,1768,2.136
5,1A,S,U,5,597,2.137
47,2B,W,I,4,831,2.137
27,2A,W,U,6,1484,2.137
18,1B,W,I,8,1739,2.138
38,2A,S,U,9,2581,2.138
41,2B,S,U,10,2886,2.138
32,2A,S,I,6,1467,2.139
38,2A,S,U,7,1858,2.139
17,1B,W,U,5,712,2.14
6,1B,S,I,10,2436,2.141
43,2A,W,I,9,2536,2.141
34,2A,S,U,5,1107,2.142
32,2A,S,I,6,1466,2.142
28,2A,W,I,6,1478,2.142
50,2A,S,U,9,2570,2.142
46,2B,W,U,3,519,2.144
50,2A,S,U,5,1123,2.144
29,2B,W,I,5,1181,2.144
12,1A,S,U,8,1695,2.145
28,2A,W,I,3,417,2.146
27,2A,W,U,4,766,2.146
16,1A,W,I,8,1640,2.147
33,2B,W,I,9,2639,2.147
22,1B,S,U,4,350,2.149
11,1A,S,U,5,607,2.149
1,1B,S,I,7,1373,2.149
7,1B,S,U,8,1763,2.149
29,2B,W,I,10,2809,2.15
28,2A,W,I,9,2564,2.151
11,1A,S,U,7,1298,2.152
29,2B,W,I,9,2614,2.152
27,2A,W,U,5,1136,2.153
4,1A,W,U,9,2068,2.153
5,1A,S,U,6,872,2.154
22,1B,S,U,6,991,2.154
23,1B,W,U,6,1000,2.155
27,2A,W,U,3,470,2.156
29,2B,W,I,8,2265,2.156
21,1A,W,I,5,548,2.158
34,2A,S,U,5,1113,2.158
22,1B,S,U,7,1418,2.158
46,2B,W,U,6,1610,2.158
38,2A,S,U,10,2792,2.158
26,2B,S,U,10,2852,2.16
46,2B,W,U,8,2301,2.161
46,2B,W,U,4,817,2.164
3,1A,W,U,6,893,2.165
46,2B,W,U,2,225,2.166
9,1B,W,I,10,2474,2.166
7,1B,S,U,10,2526,2.166
45,2B,S,I,9,2632,2.166
14,1B,W,I,4,382,2.167
45,2B,S,I,4,803,2.167
17,1B,W,U,5,708,2.168
8,1A,S,I,6,953,2.168
8,1A,S,I,7,1283,2.168
17,1B,W,U,8,1785,2.168
22,1B,S,U,3,135,2.171
23,1B,W,U,7,1421,2.171
38,2A,S,U,10,2793,2.171
12,1A,S,U,9,2032,2.172
14,1B,W,I,9,2104,2.173
47,2B,W,I,6,1569,2.174
29,2B,W,I,8,2266,2.175
50,2A,S,U,10,2771,2.176
26,2B,S,U,6,1583,2.177
23,1B,W,U,10,2512,2.177
38,2A,S,U,4,747,2.18
26,2B,S,U,6,1587,2.181
18,1B,W,I,4,386,2.183
48,2B,W,U,7,1974,2.183
25,1A,S,I,10,2354,2.183
50,2A,S,U,3,464,2.184
40,2B,W,I,3,476,2.184
14,1B,W,I,5,625,2.184
23,1B,W,U,5,681,2.184
29,2B,W,I,3,488,2.185
46,2B,W,U,7,1943,2.185
36,2A,W,U,8,2250,2.185
47,2B,W,I,5,1184,2.186
33,2B,W,I,10,2829,2.186
40,2B,W,I,10,2818,2.188
43,2A,W,I,5,1064,2.191
50,2A,S,U,5,1116,2.191
48,2B,W,U,7,1972,2.191
48,2B,W,U,8,2325,2.191
46,2B,W,U,7,1947,2.192
33,2B,W,I,10,2832,2.192
33,2B,W,I,6,1546,2.193
45,2B,S,I,7,1921,2.194
22,1B,S,U,4,352,2.195
16,1A,W,I,3,123,2.197
50,2A,S,U,7,1849,2.197
34,2A,S,U,9,2592,2.197
8,1A,S,I,7,1286,2.198
46,2B,W,U,7,1948,2.198
38,2A,S,U,8,2229,2.198
17,1B,W,U,9,2151,2.199
46,2B,W,U,9,2663,2.199
21,1A,W,I,3,83,2.2
33,2B,W,I,4,870,2.201
29,2B,W,I,6,1557,2.201
11,1A,S,U,10,2430,2.201
26,2B,S,U,10,2849,2.201
12,1A,S,U,4,328,2.202
23,1B,W,U,5,677,2.202
5,1A,S,U,4,314,2.204
11,1A,S,U,9,2051,2.204
29,2B,W,I,10,2805,2.204
33,2B,W,I,3,498,2.205
45,2B,S,I,4,795,2.205
23,1B,W,U,9,2160,2.206
17,1B,W,U,9,2157,2.208
23,1B,W,U,7,1427,2.209
7,1B,S,U,7,1395,2.21
27,2A,W,U,6,1488,2.21
16,1A,W,I,5,540,2.211
5,1A,S,U,6,878,2.211
41,2B,S,U,7,1985,2.211
46,2B,W,U,10,2864,2.211
38,2A,S,U,7,1860,2.212
34,2A,S,U,3,429,2.215
5,1A,S,U,6,873,2.215
12,1A,S,U,6,886,2.215
17,1B,W,U,6,1017,2.215
15,1B,W,U,6,981,2.216
5,1A,S,U,10,2396,2.217
17,1B,W,U,4,345,2.218
5,1A,S,U,7,1330,2.218
26,2B,S,U,10,2844,2.218
21,1A,W,I,6,964,2.219
15,1B,W,U,8,1790,2.219
4,1A,W,U,6,921,2.22
11,1A,S,U,7,1296,2.22
42,2A,S,I,4,742,2.221
1,1B,S,I,7,1370,2.221
4,1A,W,U,9,2064,2.221
8,1A,S,I,8,1652,2.223
46,2B,W,U,10,2868,2.223
29,2B,W,I,3,491,2.224
44,2B,W,U,5,1217,2.225
11,1A,S,U,8,1679,2.225
41,2B,S,U,10,2888,2.225
18,1B,W,I,5,644,2.226
28,2A,W,I,5,1065,2.226
46,2B,W,U,6,1606,2.226
41,2B,S,U,7,1981,2.226
44,2B,W,U,8,2318,2.227
41,2B,S,U,10,2885,2.227
34,2A,S,U,5,1109,2.228
14,1B,W,I,8,1738,2.228
46,2B,W,U,10,2872,2.229
50,2A,S,U,6,1506,2.23
36,2A,W,U,7,1887,2.23
4,1A,W,U,7,1315,2.231
22,1B,S,U,7,1414,2.231
38,2A,S,U,2,189,2.232
42,2A,S,I,2,195,2.232
47,2B,W,I,5,1187,2.232
18,1B,W,I,8,1744,2.232
48,2B,W,U,7,1975,2.232
28,2A,W,I,8,2198,2.232
46,2B,W,U,4,813,2.233
36,2A,W,U,5,1150,2.234
14,1B,W,I,8,1736,2.234
1,1B,S,I,8,1720,2.235
27,2A,W,U,3,430,2.236
18,1B,W,I,7,1380,2.236
21,1A,W,I,8,1624,2.236
29,2B,W,I,8,2264,2.237
23,1B,W,U,4,335,2.238
28,2A,W,I,5,1073,2.238
33,2B,W,I,5,1171,2.238
36,2A,W,U,7,1884,2.238
43,2A,W,I,8,2182,2.238
38,2A,S,U,8,2232,2.238
45,2B,S,I,3,495,2.239
6,1B,S,I,5,636,2.24
17,1B,W,U,8,1783,2.24
29,2B,W,I,4,861,2.241
28,2A,W,I,5,1071,2.241
14,1B,W,I,8,1737,2.241
43,2A,W,I,9,2539,2.241
28,2A,W,I,10,2715,2.241
50,2A,S,U,10,2772,2.241
5,1A,S,U,7,1328,2.242
26,2B,S,U,7,1966,2.242
30,2A,S,I,5,1092,2.243
36,2A,W,U,5,1148,2.243
5,1A,S,U,10,2403,2.243
42,2A,S,I,6,1435,2.245
44,2B,W,U,7,1949,2.245
4,1A,W,U,10,2413,2.245
26,2B,S,U,9,2689,2.245
16,1A,W,I,3,120,2.246
1,1B,S,I,6,1042,2.246
34,2A,S,U,5,1108,2.246
38,2A,S,U,7,1859,2.247
46,2B,W,U,8,2304,2.248
42,2A,S,I,10,2713,2.248
8,1A,S,I,5,569,2.249
28,2A,W,I,4,773,2.249
5,1A,S,U,7,1331,2.25
9,1B,W,I,10,2481,2.25
40,2B,W,I,4,840,2.251
33,2B,W,I,5,1165,2.251
32,2A,S,I,7,1827,2.252
47,2B,W,I,6,1574,2.254
46,2B,W,U,6,1602,2.254
5,1A,S,U,8,1671,2.254
14,1B,W,I,8,1733,2.254
46,2B,W,U,4,819,2.255
38,2A,S,U,5,1125,2.255
50,2A,S,U,6,1502,2.255
30,2A,S,I,7,1838,2.255
36,2A,W,U,8,2251,2.255
47,2B,W,I,9,2646,2.255
42,2A,S,I,6,1436,2.256
30,2A,S,I,6,1453,2.256
45,2B,S,I,6,1541,2.256
12,1A,S,U,6,882,2.257
32,2A,S,I,6,1462,2.257
38,2A,S,U,6,1499,2.257
14,1B,W,I,8,1734,2.257
5,1A,S,U,8,1672,2.258
23,1B,W,U,6,998,2.259
46,2B,W,U,5,1201,2.259
41,2B,S,U,6,1596,2.259
9,1B,W,I,8,1754,2.259
36,2A,W,U,7,1885,2.259
41,2B,S,U,7,1979,2.259
2,1A,S,I,5,533,2.26
14,1B,W,I,7,1351,2.26
11,1A,S,U,8,1682,2.26
47,2B,W,I,2,231,2.261
12,1A,S,U,5,612,2.261
32,2A,S,I,4,786,2.261
36,2A,W,U,4,759,2.263
47,2B,W,I,4,837,2.263
27,2A,W,U,9,2609,2.263
16,1A,W,I,9,2004,2.264
43,2A,W,I,5,1058,2.265
45,2B,S,I,5,1158,2.265
42,2A,S,I,6,1431,2.265
32,2A,S,I,7,1828,2.265
43,2A,W,I,10,2741,2.265
36,2A,W,U,3,474,2.266
45,2B,S,I,4,801,2.266
40,2B,W,I,4,841,2.267
27,2A,W,U,5,1132,2.267
30,2A,S,I,7,1837,2.269
33,2B,W,I,4,871,2.27
14,1B,W,I,7,1347,2.27
29,2B,W,I,6,1556,2.271
14,1B,W,I,8,1732,2.271
1,1B,S,I,3,153,2.272
46,2B,W,U,5,1207,2.272
26,2B,S,U,9,2686,2.272
11,1A,S,U,10,2429,2.273
8,1A,S,I,2,15,2.274
3,1A,W,U,6,896,2.274
8,1A,S,I,10,2368,2.274
22,1B,S,U,7,1419,2.275
36,2A,W,U,3,438,2.276
25,1A,S,I,9,2023,2.276
34,2A,S,U,4,776,2.277
30,2A,S,I,6,1455,2.277
28,2A,W,I,9,2565,2.277
47,2B,W,I,5,1191,2.279
3,1A,W,U,8,1696,2.279
18,1B,W,I,8,1747,2.279
48,2B,W,U,7,1973,2.279
29,2B,W,I,9,2616,2.279
47,2B,W,I,10,2839,2.279
5,1A,S,U,6,875,2.28
28,2A,W,I,8,2202,2.281
9,1B,W,I,10,2476,2.281
12,1A,S,U,6,890,2.282
5,1A,S,U,5,580,2.284
18,1B,W,I,10,2470,2.284
23,1B,W,U,3,164,2.285
23,1B,W,U,5,684,2.285
41,2B,S,U,6,1599,2.285
8,1A,S,I,8,1650,2.285
41,2B,S,U,7,1986,2.285
3,1A,W,U,3,112,2.286
7,1B,S,U,6,975,2.286
23,1B,W,U,6,1004,2.286
50,2A,S,U,6,1507,2.286
41,2B,S,U,9,2700,2.286
42,2A,S,I,8,2173,2.287
5,1A,S,U,5,578,2.288
38,2A,S,U,5,1130,2.288
12,1A,S,U,8,1691,2.288
9,1B,W,I,6,1028,2.289
8,1A,S,I,7,1287,2.289
22,1B,S,U,7,1411,2.289
21,1A,W,I,7,1266,2.29
27,2A,W,U,6,1483,2.29
5,1A,S,U,4,303,2.291
28,2A,W,I,3,416,2.292
32,2A,S,I,4,789,2.292
30,2A,S,I,5,1085,2.292
44,2B,W,U,5,1226,2.292
36,2A,W,U,6,1516,2.292
48,2B,W,U,7,1976,2.292
8,1A,S,I,9,1991,2.292
41,2B,S,U,8,2335,2.292
45,2B,S,I,9,2631,2.292
26,2B,S,U,8,2344,2.293
26,2B,S,U,4,823,2.294
36,2A,W,U,2,205,2.295
14,1B,W,I,4,384,2.295
2,1A,S,I,7,1276,2.295
6,1B,S,I,7,1345,2.295
30,2A,S,I,5,1086,2.297
29,2B,W,I,7,1893,2.297
9,1B,W,I,7,1355,2.298
50,2A,S,U,10,2768,2.299
2,1A,S,I,5,529,2.3
27,2A,W,U,4,763,2.3
4,1A,W,U,7,1322,2.3
21,1A,W,I,6,968,2.301
18,1B,W,I,7,1376,2.301
18,1B,W,I,4,392,2.302
34,2A,S,U,4,777,2.302
3,1A,W,U,6,900,2.302
8,1A,S,I,6,956,2.302
29,2B,W,I,7,1895,2.302
41,2B,S,U,7,1984,2.302
25,1A,S,I,10,2356,2.302
27,2A,W,U,2,200,2.303
43,2A,W,I,5,1062,2.303
50,2A,S,U,5,1120,2.304
38,2A,S,U,5,1131,2.304
25,1A,S,I,8,1665,2.304
9,1B,W,I,10,2473,2.304
1,1B,S,I,6,1041,2.305
32,2A,S,I,5,1078,2.305
41,2B,S,U,5,1214,2.305
4,1A,W,U,10,2415,2.305
28,2A,W,I,10,2717,2.305
16,1A,W,I,3,122,2.306
7,1B,S,U,9,2129,2.306
38,2A,S,U,8,2231,2.306
38,2A,S,U,8,2235,2.306
22,1B,S,U,10,2484,2.306
28,2A,W,I,4,772,2.307
23,1B,W,U,8,1772,2.307
45,2B,S,I,8,2295,2.307
12,1A,S,U,7,1339,2.308
43,2A,W,I,7,1847,2.308
14,1B,W,I,4,381,2.31
47,2B,W,I,8,2282,2.31
28,2A,W,I,8,2205,2.311
50,2A,S,U,2,184,2.312
12,1A,S,U,4,326,2.312
46,2B,W,U,4,816,2.312
29,2B,W,I,4,860,2.312
29,2B,W,I,5,1172,2.312
16,1A,W,I,7,1251,2.312
3,1A,W,U,8,1702,2.312
47,2B,W,I,7,1936,2.312
27,2A,W,U,8,2214,2.312
17,1B,W,U,10,2502,2.312
15,1B,W,U,2,50,2.313
47,2B,W,I,3,486,2.313
34,2A,S,U,4,778,2.313
29,2B,W,I,4,863,2.313
12,1A,S,U,7,1340,2.313
11,1A,S,U,9,2058,2.313
8,1A,S,I,6,952,2.314
28,2A,W,I,9,2563,2.315
15,1B,W,U,7,1410,2.316
12,1A,S,U,8,1692,2.316
8,1A,S,I,9,1996,2.317
5,1A,S,U,4,320,2.318
29,2B,W,I,3,487,2.318
8,1A,S,I,7,1288,2.318
43,2A,W,I,7,1840,2.318
42,2A,S,I,9,2556,2.318
27,2A,W,U,10,2756,2.318
47,2B,W,I,10,2837,2.318
14,1B,W,I,5,628,2.319
4,1A,W,U,6,915,2.319
27,2A,W,U,5,1139,2.319
41,2B,S,U,5,1209,2.319
32,2A,S,I,9,2551,2.319
12,1A,S,U,5,617,2.32
38,2A,S,U,8,2236,2.32
41,2B,S,U,10,2891,2.32
22,1B,S,U,5,700,2.321
32,2A,S,I,8,2195,2.321
27,2A,W,U,8,2212,2.321
47,2B,W,I,3,483,2.322
8,1A,S,I,7,1289,2.322
42,2A,S,I,8,2169,2.322
42,2A,S,I,10,2709,2.322
29,2B,W,I,4,859,2.323
48,2B,W,U,7,1971,2.323
8,1A,S,I,9,1998,2.323
7,1B,S,U,9,2126,2.324
30,2A,S,I,9,2543,2.324
27,2A,W,U,5,1137,2.325
28,2A,W,I,6,1472,2.325
3,1A,W,U,9,2041,2.325
33,2B,W,I,9,2636,2.325
45,2B,S,I,10,2801,2.325
40,2B,W,I,10,2817,2.325
41,2B,S,U,4,848,2.326
22,1B,S,U,10,2490,2.326
46,2B,W,U,9,2662,2.326
26,2B,S,U,6,1590,2.327
36,2A,W,U,8,2254,2.327
17,1B,W,U,6,1016,2.328
8,1A,S,I,9,1992,2.328
29,2B,W,I,8,2267,2.328
33,2B,W,I,10,2830,2.328
32,2A,S,I,4,785,2.329
21,1A,W,I,7,1265,2.329
25,1A,S,I,4,291,2.33
26,2B,S,U,4,820,2.33
32,2A,S,I,10,2724,2.33
32,2A,S,I,6,1461,2.331
27,2A,W,U,6,1486,2.331
14,1B,W,I,3,171,2.332
48,2B,W,U,2,240,2.332
5,1A,S,U,7,1327,2.332
34,2A,S,U,8,2226,2.332
17,1B,W,U,6,1015,2.333
27,2A,W,U,3,468,2.335
22,1B,S,U,6,989,2.335
38,2A,S,U,6,1492,2.335
18,1B,W,I,8,1745,2.335
43,2A,W,I,9,2540,2.335
5,1A,S,U,2,8,2.336
36,2A,W,U,4,758,2.336
40,2B,W,I,4,842,2.336
18,1B,W,I,10,2467,2.336
28,2A,W,I,8,2204,2.337
3,1A,W,U,7,1305,2.338
15,1B,W,U,6,980,2.339
4,1A,W,U,7,1317,2.339
1,1B,S,I,7,1368,2.339
47,2B,W,I,6,1568,2.339
33,2B,W,I,9,2638,2.339
15,1B,W,U,10,2498,2.34
47,2B,W,I,3,482,2.341
7,1B,S,U,8,1759,2.341
34,2A,S,U,7,1881,2.341
34,2A,S,U,8,2222,2.341
42,2A,S,I,9,2561,2.341
44,2B,W,U,2,235,2.342
32,2A,S,I,3,445,2.342
27,2A,W,U,4,761,2.342
7,1B,S,U,6,971,2.342
28,2A,W,I,5,1072,2.342
5,1A,S,U,10,2400,2.342
26,2B,S,U,9,2681,2.343
2,1A,S,I,4,282,2.344
6,1B,S,I,5,635,2.344
18,1B,W,I,4,391,2.345
34,2A,S,U,5,1114,2.345
50,2A,S,U,5,1117,2.345
28,2A,W,I,7,1815,2.345
29,2B,W,I,7,1902,2.345
27,2A,W,U,8,2219,2.345
33,2B,W,I,10,2828,2.345
38,2A,S,U,5,1126,2.346
12,1A,S,U,7,1334,2.346
6,1B,S,I,8,1718,2.346
23,1B,W,U,8,1775,2.346
15,1B,W,U,10,2493,2.346
43,2A,W,I,9,2538,2.346
40,2B,W,I,3,480,2.347
33,2B,W,I,9,2642,2.347
36,2A,W,U,3,460,2.348
17,1B,W,U,5,707,2.348
50,2A,S,U,4,733,2.348
27,2A,W,U,10,2758,2.349
36,2A,W,U,7,1886,2.35
38,2A,S,U,8,2233,2.35
17,1B,W,U,5,710,2.351
44,2B,W,U,4,810,2.351
30,2A,S,I,7,1835,2.351
14,1B,W,I,3,165,2.352
21,1A,W,I,4,296,2.352
7,1B,S,U,4,371,2.352
11,1A,S,U,6,908,2.352
8,1A,S,I,7,1291,2.352
7,1B,S,U,7,1397,2.352
8,1A,S,I,9,1997,2.352
21,1A,W,I,9,2010,2.352
21,1A,W,I,9,2016,2.352
17,1B,W,U,9,2155,2.352
1,1B,S,I,10,2449,2.352
26,2B,S,U,4,822,2.353
33,2B,W,I,5,1168,2.353
28,2A,W,I,6,1471,2.353
25,1A,S,I,8,1663,2.353
11,1A,S,U,8,1683,2.353
23,1B,W,U,8,1776,2.353
32,2A,S,I,9,2548,2.353
4,1A,W,U,3,103,2.354
7,1B,S,U,6,972,2.354
32,2A,S,I,9,2553,2.354
29,2B,W,I,10,2808,2.354
17,1B,W,U,4,341,2.355
46,2B,W,U,7,1945,2.355
48,2B,W,U,8,2322,2.355
29,2B,W,I,9,2611,2.355
7,1B,S,U,4,373,2.356
14,1B,W,I,4,380,2.356
17,1B,W,U,10,2505,2.356
38,2A,S,U,10,2791,2.356
17,1B,W,U,3,129,2.357
1,1B,S,I,6,1045,2.357
22,1B,S,U,7,1413,2.357
12,1A,S,U,5,614,2.358
14,1B,W,I,5,633,2.358
28,2A,W,I,4,775,2.358
5,1A,S,U,6,880,2.358
29,2B,W,I,6,1561,2.358
22,1B,S,U,8,1797,2.358
46,2B,W,U,7,1944,2.358
48,2B,W,U,9,2677,2.358
42,2A,S,I,10,2705,2.358
11,1A,S,U,9,2050,2.359
17,1B,W,U,10,2509,2.359
42,2A,S,I,6,1432,2.36
23,1B,W,U,9,2158,2.36
45,2B,S,I,2,213,2.361
44,2B,W,U,3,506,2.361
12,1A,S,U,10,2387,2.361
14,1B,W,I,2,52,2.362
11,1A,S,U,4,251,2.362
18,1B,W,I,5,642,2.362
21,1A,W,I,7,1272,2.362
4,1A,W,U,7,1314,2.362
11,1A,S,U,7,1300,2.363
33,2B,W,I,6,1548,2.363
23,1B,W,U,9,2165,2.363
41,2B,S,U,2,238,2.364
27,2A,W,U,8,2217,2.364
18,1B,W,I,10,2463,2.364
21,1A,W,I,3,86,2.365
22,1B,S,U,4,351,2.365
23,1B,W,U,5,679,2.365
17,1B,W,U,5,709,2.365
47,2B,W,I,4,835,2.366
33,2B,W,I,5,1166,2.366
12,1A,S,U,8,1694,2.367
46,2B,W,U,7,1941,2.367
36,2A,W,U,8,2249,2.367
5,1A,S,U,4,318,2.368
38,2A,S,U,3,433,2.368
1,1B,S,I,6,1043,2.368
32,2A,S,I,7,1822,2.369
50,2A,S,U,6,1504,2.37
28,2A,W,I,7,1819,2.37
14,1B,W,I,3,172,2.371
46,2B,W,U,3,520,2.371
27,2A,W,U,4,762,2.372
6,1B,S,I,6,1009,2.372
36,2A,W,U,5,1142,2.372
27,2A,W,U,6,1482,2.372
34,2A,S,U,7,1879,2.372
40,2B,W,I,7,1915,2.372
45,2B,S,I,7,1920,2.372
45,2B,S,I,8,2292,2.372
50,2A,S,U,9,2571,2.372
30,2A,S,I,4,721,2.373
1,1B,S,I,7,1366,2.373
38,2A,S,U,9,2574,2.373
12,1A,S,U,6,891,2.374
43,2A,W,I,8,2181,2.374
32,2A,S,I,10,2726,2.374
26,2B,S,U,3,517,2.375
14,1B,W,I,5,626,2.375
26,2B,S,U,5,1239,2.375
17,1B,W,U,7,1388,2.375
7,1B,S,U,8,1766,2.375
4,1A,W,U,10,2410,2.375
28,2A,W,I,2,208,2.376
50,2A,S,U,3,440,2.377
18,1B,W,I,5,646,2.377
32,2A,S,I,6,1468,2.377
46,2B,W,U,2,224,2.379
42,2A,S,I,5,1103,2.379
29,2B,W,I,5,1180,2.379
5,1A,S,U,7,1323,2.379
43,2A,W,I,8,2185,2.379
47,2B,W,I,10,2843,2.379
3,1A,W,U,7,1311,2.38
11,1A,S,U,8,1678,2.38
36,2A,W,U,10,2780,2.38
12,1A,S,U,10,2395,2.381
45,2B,S,I,9,2628,2.381
25,1A,S,I,5,556,2.382
40,2B,W,I,4,843,2.382
5,1A,S,U,6,881,2.382
12,1A,S,U,6,885,2.382
12,1A,S,U,6,883,2.383
50,2A,S,U,6,1505,2.383
46,2B,W,U,10,2866,2.383
45,2B,S,I,4,804,2.384
7,1B,S,U,9,2128,2.384
41,2B,S,U,2,237,2.385
23,1B,W,U,5,682,2.385
5,1A,S,U,8,1666,2.385
1,1B,S,I,10,2445,2.385
1,1B,S,I,3,154,2.386
15,1B,W,U,4,365,2.386
44,2B,W,U,4,805,2.386
2,1A,S,I,6,943,2.386
17,1B,W,U,6,1011,2.386
11,1A,S,U,9,2057,2.386
27,2A,W,U,8,2218,2.386
45,2B,S,I,10,2800,2.386
50,2A,S,U,4,732,2.387
14,1B,W,I,7,1349,2.387
3,1A,W,U,8,1701,2.387
18,1B,W,I,10,2462,2.388
15,1B,W,U,10,2499,2.388
45,2B,S,I,9,2625,2.388
41,2B,S,U,9,2691,2.388
26,2B,S,U,6,1588,2.389
44,2B,W,U,2,234,2.39
9,1B,W,I,8,1749,2.39
12,1A,S,U,5,615,2.391
44,2B,W,U,4,811,2.391
1,1B,S,I,7,1367,2.391
12,1A,S,U,8,1686,2.391
22,1B,S,U,6,988,2.392
21,1A,W,I,7,1269,2.392
14,1B,W,I,10,2461,2.392
22,1B,S,U,10,2485,2.392
17,1B,W,U,10,2503,2.392
28,2A,W,I,9,2567,2.392
26,2B,S,U,9,2685,2.392
50,2A,S,U,10,2770,2.392
46,2B,W,U,10,2865,2.392
16,1A,W,I,2,29,2.393
17,1B,W,U,4,342,2.393
32,2A,S,I,3,442,2.393
3,1A,W,U,5,593,2.393
32,2A,S,I,4,783,2.393
23,1B,W,U,8,1770,2.393
45,2B,S,I,7,1928,2.393
38,2A,S,U,9,2576,2.393
41,2B,S,U,10,2889,2.393
34,2A,S,U,5,1111,2.394
29,2B,W,I,6,1559,2.394
50,2A,S,U,7,1850,2.394
43,2A,W,I,8,2183,2.394
5,1A,S,U,4,312,2.395
47,2B,W,I,4,833,2.395
21,1A,W,I,7,1263,2.396
18,1B,W,I,9,2084,2.396
36,2A,W,U,2,203,2.397
22,1B,S,U,4,355,2.397
11,1A,S,U,5,609,2.397
33,2B,W,I,10,2825,2.397
12,1A,S,U,4,322,2.399
30,2A,S,I,6,1459,2.399
12,1A,S,U,8,1688,2.399
9,1B,W,I,8,1752,2.399
50,2A,S,U,10,2765,2.399
22,1B,S,U,2,43,2.4
50,2A,S,U,2,182,2.4
4,1A,W,U,7,1321,2.4
22,1B,S,U,7,1415,2.4
11,1A,S,U,8,1680,2.4
45,2B,S,I,2,212,2.401
46,2B,W,U,4,812,2.401
42,2A,S,I,5,1101,2.401
47,2B,W,I,6,1573,2.401
22,1B,S,U,4,357,2.402
7,1B,S,U,7,1398,2.402
28,2A,W,I,6,1473,2.402
46,2B,W,U,6,1603,2.402
4,1A,W,U,10,2414,2.402
9,1B,W,I,10,2479,2.402
23,1B,W,U,2,58,2.403
9,1B,W,I,4,399,2.403
48,2B,W,U,3,511,2.403
50,2A,S,U,4,737,2.403
11,1A,S,U,6,903,2.403
4,1A,W,U,6,913,2.403
32,2A,S,I,5,1084,2.403
25,1A,S,I,8,1659,2.403
29,2B,W,I,6,1558,2.404
4,1A,W,U,3,101,2.405
12,1A,S,U,4,311,2.405
17,1B,W,U,8,1782,2.405
27,2A,W,U,8,2221,2.405
27,2A,W,U,9,2606,2.405
27,2A,W,U,3,431,2.406
50,2A,S,U,4,734,2.406
26,2B,S,U,4,824,2.406
45,2B,S,I,6,1540,2.406
48,2B,W,U,6,1579,2.406
41,2B,S,U,6,1601,2.406
16,1A,W,I,8,1639,2.406
25,1A,S,I,9,2020,2.406
5,1A,S,U,10,2402,2.406
45,2B,S,I,9,2629,2.406
2,1A,S,I,7,1277,2.407
43,2A,W,I,7,1845,2.407
8,1A,S,I,3,69,2.408
7,1B,S,U,3,146,2.408
8,1A,S,I,4,267,2.408
11,1A,S,U,6,902,2.408
4,1A,W,U,8,1713,2.408
43,2A,W,I,9,2532,2.408
15,1B,W,U,4,366,2.409
34,2A,S,U,7,1878,2.409
36,2A,W,U,9,2589,2.409
46,2B,W,U,10,2871,2.41
2,1A,S,I,6,947,2.411
29,2B,W,I,6,1562,2.411
7,1B,S,U,8,1761,2.411
5,1A,S,U,3,94,2.412
38,2A,S,U,7,1864,2.412
27,2A,W,U,7,1868,2.412
7,1B,S,U,9,2127,2.412
50,2A,S,U,10,2769,2.412
3,1A,W,U,4,316,2.413
16,1A,W,I,5,538,2.413
4,1A,W,U,5,618,2.413
14,1B,W,I,7,1354,2.413
7,1B,S,U,7,1400,2.413
29,2B,W,I,7,1897,2.413
45,2B,S,I,4,796,2.414
22,1B,S,U,6,990,2.414
23,1B,W,U,7,1423,2.414
44,2B,W,U,8,2315,2.414
2,1A,S,I,10,2348,2.414
2,1A,S,I,5,532,2.415
29,2B,W,I,5,1178,2.415
41,2B,S,U,5,1212,2.415
7,1B,S,U,8,1765,2.415
26,2B,S,U,3,516,2.416
23,1B,W,U,8,1771,2.416
26,2B,S,U,9,2682,2.417
45,2B,S,I,7,1919,2.418
22,1B,S,U,10,2487,2.418
34,2A,S,U,5,1106,2.419
11,1A,S,U,7,1302,2.419
43,2A,W,I,6,1444,2.419
9,1B,W,I,8,1758,2.419
36,2A,W,U,8,2245,2.419
15,1B,W,U,5,690,2.42
17,1B,W,U,6,1012,2.42
12,1A,S,U,8,1689,2.42
42,2A,S,I,10,2707,2.42
14,1B,W,I,4,376,2.421
50,2A,S,U,3,441,2.421
23,1B,W,U,5,678,2.422
33,2B,W,I,6,1551,2.422
47,2B,W,I,8,2283,2.422
44,2B,W,U,10,2877,2.422
14,1B,W,I,2,53,2.423
30,2A,S,I,7,1836,2.423
34,2A,S,U,9,2596,2.423
28,2A,W,I,6,1470,2.424
28,2A,W,I,4,769,2.425
41,2B,S,U,4,849,2.425
46,2B,W,U,6,1607,2.425
28,2A,W,I,7,1814,2.425
33,2B,W,I,7,1912,2.425
26,2B,S,U,8,2343,2.425
29,2B,W,I,9,2620,2.425
28,2A,W,I,3,420,2.426
45,2B,S,I,6,1543,2.426
11,1A,S,U,10,2431,2.426
34,2A,S,U,10,2749,2.426
14,1B,W,I,6,1054,2.427
48,2B,W,U,5,1230,2.427
36,2A,W,U,10,2777,2.427
26,2B,S,U,2,219,2.428
45,2B,S,I,4,798,2.428
5,1A,S,U,9,2072,2.428
48,2B,W,U,4,790,2.43
33,2B,W,I,10,2833,2.43
33,2B,W,I,6,1555,2.431
18,1B,W,I,8,1741,2.431
18,1B,W,I,9,2088,2.431
18,1B,W,I,2,37,2.432
4,1A,W,U,10,2408,2.432
42,2A,S,I,10,2712,2.432
21,1A,W,I,5,554,2.433
2,1A,S,I,7,1279,2.433
30,2A,S,I,7,1832,2.433
5,1A,S,U,9,2077,2.433
2,1A,S,I,8,1646,2.434
46,2B,W,U,10,2870,2.434
18,1B,W,I,6,1022,2.435
7,1B,S,U,7,1394,2.435
43,2A,W,I,6,1441,2.435
28,2A,W,I,5,1067,2.436
27,2A,W,U,8,2216,2.436
38,2A,S,U,9,2575,2.436
11,1A,S,U,2,18,2.437
45,2B,S,I,3,494,2.437
33,2B,W,I,4,869,2.437
27,2A,W,U,3,432,2.438
41,2B,S,U,6,1600,2.438
2,1A,S,I,8,1643,2.438
11,1A,S,U,8,1676,2.438
21,1A,W,I,9,2017,2.438
17,1B,W,U,4,347,2.439
34,2A,S,U,3,471,2.439
15,1B,W,U,6,979,2.439
50,2A,S,U,5,1124,2.439
4,1A,W,U,7,1319,2.439
43,2A,W,I,7,1842,2.439
8,1A,S,I,10,2367,2.439
26,2B,S,U,10,2847,2.439
46,2B,W,U,2,226,2.44
2,1A,S,I,5,530,2.44
5,1A,S,U,5,602,2.44
9,1B,W,I,5,651,2.44
6,1B,S,I,7,1343,2.44
1,1B,S,I,9,2099,2.44
38,2A,S,U,8,2237,2.44
46,2B,W,U,9,2654,2.44
34,2A,S,U,7,1876,2.441
22,1B,S,U,5,705,2.442
50,2A,S,U,6,1508,2.442
23,1B,W,U,10,2513,2.442
3,1A,W,U,2,11,2.443
14,1B,W,I,5,631,2.443
36,2A,W,U,4,756,2.443
27,2A,W,U,7,1869,2.443
21,1A,W,I,9,2014,2.443
34,2A,S,U,10,2747,2.443
50,2A,S,U,6,1500,2.444
22,1B,S,U,3,138,2.445
2,1A,S,I,6,948,2.445
7,1B,S,U,8,1762,2.445
12,1A,S,U,9,2031,2.445
7,1B,S,U,5,667,2.446
18,1B,W,I,7,1378,2.446
43,2A,W,I,7,1848,2.446
27,2A,W,U,10,2757,2.446
12,1A,S,U,5,611,2.447
47,2B,W,I,4,829,2.447
11,1A,S,U,10,2425,2.447
23,1B,W,U,10,2516,2.447
38,2A,S,U,9,2580,2.447
2,1A,S,I,4,278,2.448
22,1B,S,U,6,993,2.448
47,2B,W,I,5,1186,2.448
50,2A,S,U,7,1852,2.448
12,1A,S,U,9,2036,2.448
15,1B,W,U,9,2132,2.448
45,2B,S,I,8,2294,2.448
26,2B,S,U,8,2338,2.448
27,2A,W,U,10,2755,2.448
17,1B,W,U,2,40,2.449
43,2A,W,I,5,1061,2.449
41,2B,S,U,5,1213,2.449
47,2B,W,I,6,1570,2.449
5,1A,S,U,9,2074,2.449
29,2B,W,I,10,2813,2.449
30,2A,S,I,5,1094,2.45
41,2B,S,U,8,2333,2.45
41,2B,S,U,9,2694,2.45
45,2B,S,I,10,2796,2.45
6,1B,S,I,4,415,2.451
42,2A,S,I,5,1100,2.451
11,1A,S,U,5,604,2.452
15,1B,W,U,6,984,2.452
4,1A,W,U,3,100,2.453
16,1A,W,I,4,274,2.453
42,2A,S,I,3,423,2.453
12,1A,S,U,6,884,2.453
43,2A,W,I,10,2743,2.453
36,2A,W,U,3,459,2.454
38,2A,S,U,7,1862,2.454
33,2B,W,I,8,2271,2.454
14,1B,W,I,3,169,2.455
21,1A,W,I,4,295,2.455
40,2B,W,I,4,839,2.455
23,1B,W,U,6,1003,2.455
41,2B,S,U,5,1211,2.455
43,2A,W,I,7,1839,2.455
26,2B,S,U,5,1237,2.456
2,1A,S,I,7,1278,2.456
21,1A,W,I,8,1630,2.456
34,2A,S,U,7,1877,2.456
48,2B,W,U,9,2679,2.456
48,2B,W,U,10,2859,2.456
26,2B,S,U,5,1240,2.457
22,1B,S,U,8,1800,2.457
18,1B,W,I,9,2083,2.457
23,1B,W,U,9,2161,2.457
43,2A,W,I,10,2737,2.457
14,1B,W,I,4,378,2.458
30,2A,S,I,5,1091,2.458
41,2B,S,U,5,1210,2.458
29,2B,W,I,7,1894,2.458
8,1A,S,I,9,1994,2.458
47,2B,W,I,8,2281,2.458
2,1A,S,I,10,2349,2.458
23,1B,W,U,5,680,2.459
42,2A,S,I,9,2560,2.459
11,1A,S,U,2,17,2.46
1,1B,S,I,5,664,2.46
23,1B,W,U,5,685,2.46
14,1B,W,I,5,629,2.461
36,2A,W,U,4,755,2.461
15,1B,W,U,6,987,2.461
1,1B,S,I,8,1724,2.461
42,2A,S,I,5,1098,2.462
38,2A,S,U,6,1496,2.462
5,1A,S,U,9,2070,2.462
23,1B,W,U,3,160,2.463
22,1B,S,U,4,353,2.463
50,2A,S,U,3,439,2.463
2,1A,S,I,5,535,2.463
14,1B,W,I,5,632,2.463
4,1A,W,U,6,912,2.463
21,1A,W,I,9,2008,2.463
46,2B,W,U,9,2661,2.463
29,2B,W,I,10,2812,2.463
2,1A,S,I,4,277,2.464
45,2B,S,I,6,1545,2.464
48,2B,W,U,5,1231,2.465
30,2A,S,I,6,1452,2.465
48,2B,W,U,7,1970,2.465
1,1B,S,I,9,2092,2.465
38,2A,S,U,4,752,2.466
11,1A,S,U,6,911,2.466
14,1B,W,I,10,2458,2.466
34,2A,S,U,9,2601,2.466
27,2A,W,U,10,2754,2.466
23,1B,W,U,2,60,2.467
1,1B,S,I,5,657,2.467
40,2B,W,I,4,847,2.467
29,2B,W,I,4,862,2.467
9,1B,W,I,9,2117,2.467
30,2A,S,I,9,2545,2.467
29,2B,W,I,10,2806,2.467
47,2B,W,I,2,232,2.468
3,1A,W,U,6,892,2.468
25,1A,S,I,6,931,2.468
12,1A,S,U,7,1336,2.468
15,1B,W,U,9,2139,2.468
29,2B,W,I,8,2263,2.468
2,1A,S,I,2,27,2.469
38,2A,S,U,6,1498,2.469
2,1A,S,I,6,946,2.471
30,2A,S,I,5,1090,2.472
33,2B,W,I,7,1911,2.472
29,2B,W,I,9,2617,2.472
1,1B,S,I,3,150,2.473
44,2B,W,U,5,1221,2.473
9,1B,W,I,8,1757,2.473
14,1B,W,I,9,2111,2.473
28,2A,W,I,8,2201,2.473
47,2B,W,I,8,2285,2.473
33,2B,W,I,9,2634,2.473
26,2B,S,U,10,2845,2.473
5,1A,S,U,3,96,2.474
29,2B,W,I,2,222,2.474
8,1A,S,I,6,950,2.474
23,1B,W,U,8,1774,2.474
32,2A,S,I,7,1824,2.474
28,2A,W,I,10,2723,2.474
43,2A,W,I,2,197,2.475
11,1A,S,U,4,253,2.475
12,1A,S,U,10,2388,2.475
6,1B,S,I,2,31,2.476
9,1B,W,I,3,126,2.476
34,2A,S,U,6,1525,2.476
48,2B,W,U,8,2327,2.476
5,1A,S,U,3,93,2.477
46,2B,W,U,9,2656,2.477
17,1B,W,U,2,41,2.478
33,2B,W,I,2,215,2.478
45,2B,S,I,4,799,2.478
26,2B,S,U,4,827,2.478
16,1A,W,I,6,929,2.478
1,1B,S,I,7,1365,2.478
15,1B,W,U,8,1792,2.478
5,1A,S,U,9,2069,2.478
46,2B,W,U,8,2309,2.478
3,1A,W,U,3,111,2.479
3,1A,W,U,4,325,2.479
50,2A,S,U,5,1118,2.479
4,1A,W,U,9,2062,2.479
42,2A,S,I,8,2170,2.479
8,1A,S,I,10,2372,2.479
30,2A,S,I,10,2703,2.479
34,2A,S,U,2,185,2.48
41,2B,S,U,5,1215,2.48
16,1A,W,I,8,1637,2.48
47,2B,W,I,8,2288,2.48
34,2A,S,U,9,2594,2.48
48,2B,W,U,10,2856,2.48
6,1B,S,I,2,33,2.481
3,1A,W,U,7,1308,2.481
3,1A,W,U,8,1697,2.481
42,2A,S,I,7,1804,2.481
17,1B,W,U,9,2152,2.481
6,1B,S,I,5,634,2.482
22,1B,S,U,5,701,2.482
47,2B,W,I,4,830,2.482
17,1B,W,U,7,1391,2.482
23,1B,W,U,7,1425,2.482
12,1A,S,U,8,1687,2.482
46,2B,W,U,8,2302,2.482
7,1B,S,U,10,2530,2.482
28,2A,W,I,10,2716,2.482
38,2A,S,U,10,2785,2.482
44,2B,W,U,10,2874,2.482
43,2A,W,I,4,719,2.483
29,2B,W,I,5,1173,2.483
5,1A,S,U,8,1670,2.483
16,1A,W,I,9,2006,2.483
8,1A,S,I,10,2366,2.483
3,1A,W,U,4,329,2.484
34,2A,S,U,6,1523,2.484
6,1B,S,I,8,1717,2.484
5,1A,S,U,9,2078,2.484
1,1B,S,I,9,2094,2.484
34,2A,S,U,9,2597,2.484
5,1A,S,U,6,874,2.485
29,2B,W,I,7,1901,2.485
5,1A,S,U,3,97,2.486
12,1A,S,U,4,315,2.486
17,1B,W,U,5,711,2.486
47,2B,W,I,5,1189,2.486
25,1A,S,I,7,1253,2.486
6,1B,S,I,10,2437,2.486
43,2A,W,I,10,2734,2.486
36,2A,W,U,10,2782,2.486
41,2B,S,U,10,2892,2.486
2,1A,S,I,5,537,2.487
1,1B,S,I,5,659,2.487
2,1A,S,I,6,940,2.487
14,1B,W,I,6,1053,2.487
41,2B,S,U,6,1593,2.487
46,2B,W,U,6,1608,2.487
12,1A,S,U,8,1693,2.487
33,2B,W,I,10,2827,2.487
2,1A,S,I,3,62,2.488
22,1B,S,U,4,349,2.488
42,2A,S,I,4,745,2.488
26,2B,S,U,5,1236,2.488
21,1A,W,I,9,2009,2.488
1,1B,S,I,10,2451,2.488
15,1B,W,U,10,2497,2.488
40,2B,W,I,9,2621,2.488
48,2B,W,U,2,241,2.489
45,2B,S,I,5,1157,2.489
29,2B,W,I,6,1560,2.489
34,2A,S,U,8,2228,2.489
34,2A,S,U,3,473,2.49
45,2B,S,I,6,1537,2.49
22,1B,S,U,3,136,2.491
42,2A,S,I,7,1812,2.491
8,1A,S,I,3,66,2.492
48,2B,W,U,6,1582,2.492
11,1A,S,U,9,2053,2.492
34,2A,S,U,2,187,2.493
43,2A,W,I,4,716,2.493
5,1A,S,U,6,876,2.493
34,2A,S,U,6,1522,2.493
27,2A,W,U,7,1875,2.493
46,2B,W,U,7,1940,2.493
36,2A,W,U,9,2586,2.493
27,2A,W,U,9,2607,2.493
28,2A,W,I,10,2719,2.493
6,1B,S,I,4,413,2.494
41,2B,S,U,7,1982,2.495
28,2A,W,I,6,1474,2.496
42,2A,S,I,7,1811,2.496
26,2B,S,U,8,2347,2.496
33,2B,W,I,9,2643,2.496
17,1B,W,U,5,714,2.497
5,1A,S,U,10,2399,2.497
34,2A,S,U,10,2753,2.497
26,2B,S,U,2,220,2.498
6,1B,S,I,4,412,2.498
50,2A,S,U,3,466,2.498
45,2B,S,I,6,1539,2.498
26,2B,S,U,6,1589,2.498
18,1B,W,I,8,1743,2.498
23,1B,W,U,8,1777,2.498
46,2B,W,U,7,1942,2.498
16,1A,W,I,9,2005,2.498
12,1A,S,U,4,309,2.499
29,2B,W,I,3,490,2.499
44,2B,W,U,3,507,2.499
14,1B,W,I,6,1056,2.499
28,2A,W,I,5,1066,2.499
27,2A,W,U,5,1140,2.499
46,2B,W,U,5,1208,2.499
21,1A,W,I,8,1627,2.499
8,1A,S,I,8,1649,2.499
43,2A,W,I,8,2184,2.499
41,2B,S,U,9,2692,2.499
40,2B,W,I,3,478,2.5
46,2B,W,U,3,521,2.5
34,2A,S,U,4,780,2.5
34,2A,S,U,4,782,2.5
44,2B,W,U,6,1612,2.5
32,2A,S,I,7,1829,2.5
48,2B,W,U,7,1978,2.5
12,1A,S,U,9,2030,2.5
23,1B,W,U,9,2159,2.5
23,1B,W,U,3,163,2.501
5,1A,S,U,5,601,2.501
46,2B,W,U,4,814,2.501
41,2B,S,U,8,2329,2.501
28,2A,W,I,10,2718,2.501
17,1B,W,U,4,346,2.502
30,2A,S,I,5,1088,2.502
21,1A,W,I,10,2377,2.502
9,1B,W,I,2,55,2.503
9,1B,W,I,3,125,2.503
33,2B,W,I,3,497,2.503
16,1A,W,I,5,544,2.503
15,1B,W,U,9,2136,2.503
26,2B,S,U,8,2345,2.503
43,2A,W,I,10,2738,2.503
40,2B,W,I,10,2822,2.503
17,1B,W,U,10,2506,2.504
23,1B,W,U,10,2520,2.504
46,2B,W,U,9,2657,2.504
8,1A,S,I,2,13,2.505
16,1A,W,I,2,30,2.505
4,1A,W,U,6,918,2.505
18,1B,W,I,6,1027,2.505
33,2B,W,I,8,2280,2.505
11,1A,S,U,10,2428,2.505
43,2A,W,I,9,2541,2.505
38,2A,S,U,9,2579,2.505
50,2A,S,U,7,1851,2.506
11,1A,S,U,10,2427,2.506
42,2A,S,I,9,2558,2.506
32,2A,S,I,10,2729,2.506
38,2A,S,U,10,2790,2.506
8,1A,S,I,3,68,2.507
5,1A,S,U,4,305,2.507
46,2B,W,U,5,1205,2.507
21,1A,W,I,2,6,2.508
4,1A,W,U,5,621,2.508
1,1B,S,I,7,1372,2.508
14,1B,W,I,9,2109,2.508
44,2B,W,U,3,504,2.509
7,1B,S,U,8,1767,2.509
44,2B,W,U,8,2317,2.509
21,1A,W,I,9,2011,2.51
40,2B,W,I,9,2622,2.511
25,1A,S,I,3,77,2.512
12,1A,S,U,4,324,2.512
22,1B,S,U,5,704,2.512
42,2A,S,I,5,1099,2.512
11,1A,S,U,9,2049,2.512
15,1B,W,U,10,2495,2.512
42,2A,S,I,10,2704,2.512
38,2A,S,U,4,751,2.513
16,1A,W,I,6,928,2.513
38,2A,S,U,6,1491,2.513
34,2A,S,U,6,1527,2.513
40,2B,W,I,7,1916,2.513
36,2A,W,U,10,2774,2.513
48,2B,W,U,10,2858,2.513
18,1B,W,I,5,648,2.514
40,2B,W,I,8,2255,2.514
48,2B,W,U,8,2324,2.514
28,2A,W,I,2,206,2.515
27,2A,W,U,4,765,2.515
3,1A,W,U,7,1307,2.515
34,2A,S,U,9,2598,2.515
41,2B,S,U,9,2695,2.515
34,2A,S,U,10,2746,2.515
34,2A,S,U,10,2752,2.515
46,2B,W,U,3,518,2.516
15,1B,W,U,5,694,2.516
44,2B,W,U,4,808,2.516
15,1B,W,U,6,985,2.516
28,2A,W,I,9,2566,2.516
16,1A,W,I,7,1244,2.517
40,2B,W,I,6,1531,2.517
9,1B,W,I,10,2475,2.517
8,1A,S,I,8,1657,2.518
45,2B,S,I,7,1925,2.518
18,1B,W,I,9,2085,2.518
17,1B,W,U,9,2156,2.518
32,2A,S,I,8,2191,2.518
22,1B,S,U,3,140,2.519
21,1A,W,I,5,553,2.519
44,2B,W,U,7,1954,2.519
15,1B,W,U,9,2134,2.519
7,1B,S,U,4,370,2.52
2,1A,S,I,5,534,2.52
29,2B,W,I,8,2261,2.52
27,2A,W,U,3,469,2.521
15,1B,W,U,6,983,2.521
1,1B,S,I,6,1047,2.521
2,1A,S,I,7,1281,2.521
15,1B,W,U,6,982,2.522
46,2B,W,U,5,1203,2.522
14,1B,W,I,7,1348,2.522
5,1A,S,U,8,1674,2.522
50,2A,S,U,7,1855,2.522
29,2B,W,I,7,1899,2.522
46,2B,W,U,7,1946,2.522
48,2B,W,U,9,2676,2.522
28,2A,W,I,3,418,2.523
45,2B,S,I,3,493,2.523
45,2B,S,I,9,2626,2.523
25,1A,S,I,4,283,2.524
32,2A,S,I,3,443,2.524
30,2A,S,I,4,726,2.524
23,1B,W,U,7,1429,2.524
45,2B,S,I,7,1927,2.524
23,1B,W,U,4,338,2.525
32,2A,S,I,3,446,2.525
3,1A,W,U,6,894,2.525
17,1B,W,U,10,2511,2.525
11,1A,S,U,4,258,2.526
38,2A,S,U,4,750,2.526
42,2A,S,I,6,1430,2.526
50,2A,S,U,6,1503,2.526
12,1A,S,U,10,2392,2.526
3,1A,W,U,10,2416,2.526
45,2B,S,I,10,2795,2.526
11,1A,S,U,5,605,2.527
42,2A,S,I,4,741,2.527
32,2A,S,I,6,1460,2.527
17,1B,W,U,9,2153,2.528
32,2A,S,I,10,2725,2.528
1,1B,S,I,4,402,2.529
34,2A,S,U,3,427,2.529
12,1A,S,U,7,1337,2.53
43,2A,W,I,7,1846,2.53
5,1A,S,U,9,2076,2.53
30,2A,S,I,8,2208,2.53
47,2B,W,I,8,2284,2.53
26,2B,S,U,10,2846,2.53
25,1A,S,I,2,1,2.531
22,1B,S,U,5,703,2.531
33,2B,W,I,4,868,2.531
22,1B,S,U,8,1798,2.531
36,2A,W,U,7,1889,2.531
16,1A,W,I,3,121,2.532
44,2B,W,U,6,1613,2.532
12,1A,S,U,2,24,2.533
18,1B,W,I,3,147,2.533
18,1B,W,I,3,149,2.533
6,1B,S,I,3,157,2.533
32,2A,S,I,2,210,2.533
44,2B,W,U,2,233,2.533
16,1A,W,I,4,271,2.533
12,1A,S,U,4,310,2.533
33,2B,W,I,3,501,2.533
4,1A,W,U,5,587,2.533
23,1B,W,U,5,676,2.533
30,2A,S,I,4,724,2.533
38,2A,S,U,4,748,2.533
45,2B,S,I,4,797,2.533
41,2B,S,U,4,851,2.533
1,1B,S,I,8,1726,2.533
28,2A,W,I,7,1820,2.533
38,2A,S,U,8,2234,2.533
48,2B,W,U,8,2323,2.533
28,2A,W,I,10,2714,2.533
22,1B,S,U,3,134,2.534
2,1A,S,I,4,280,2.534
2,1A,S,I,4,286,2.534
4,1A,W,U,4,245,2.534
23,1B,W,U,4,337,2.534
1,1B,S,I,4,403,2.534
44,2B,W,U,5,1220,2.534
17,1B,W,U,8,1779,2.534
46,2B,W,U,8,2308,2.534
34,2A,S,U,10,2745,2.534
23,1B,W,U,4,339,2.535
3,1A,W,U,5,590,2.535
38,2A,S,U,3,434,2.536
43,2A,W,I,8,2179,2.536
28,2A,W,I,9,2562,2.536
8,1A,S,I,3,72,2.537
14,1B,W,I,3,166,2.537
34,2A,S,U,2,186,2.537
18,1B,W,I,4,390,2.537
42,2A,S,I,3,425,2.538
26,2B,S,U,3,513,2.538
21,1A,W,I,6,967,2.538
16,1A,W,I,8,1641,2.538
42,2A,S,I,7,1807,2.538
42,2A,S,I,8,2171,2.538
11,1A,S,U,5,582,2.539
48,2B,W,U,5,1232,2.539
3,1A,W,U,9,2039,2.539
7,1B,S,U,9,2122,2.539
41,2B,S,U,8,2328,2.539
23,1B,W,U,10,2517,2.539
16,1A,W,I,4,273,2.54
26,2B,S,U,3,514,2.54
12,1A,S,U,7,1335,2.54
22,1B,S,U,8,1796,2.54
40,2B,W,I,8,2258,2.54
11,1A,S,U,10,2426,2.54
17,1B,W,U,6,1014,2.541
30,2A,S,I,5,1089,2.541
40,2B,W,I,6,1533,2.541
16,1A,W,I,10,2357,2.541
30,2A,S,I,9,2542,2.541
42,2A,S,I,4,743,2.542
12,1A,S,U,8,1690,2.542
38,2A,S,U,9,2573,2.542
14,1B,W,I,4,383,2.543
45,2B,S,I,5,1152,2.543
42,2A,S,I,6,1433,2.543
34,2A,S,U,6,1529,2.543
41,2B,S,U,6,1595,2.543
9,1B,W,I,10,2477,2.543
46,2B,W,U,10,2867,2.543
16,1A,W,I,3,119,2.544
11,1A,S,U,5,581,2.544
38,2A,S,U,6,1493,2.544
7,1B,S,U,10,2523,2.544
33,2B,W,I,9,2641,2.544
17,1B,W,U,4,344,2.545
25,1A,S,I,8,1664,2.545
5,1A,S,U,8,1669,2.545
27,2A,W,U,8,2215,2.545
1,1B,S,I,3,151,2.546
15,1B,W,U,3,181,2.546
50,2A,S,U,4,731,2.546
43,2A,W,I,5,1059,2.546
29,2B,W,I,5,1176,2.546
44,2B,W,U,5,1219,2.546
7,1B,S,U,8,1760,2.546
30,2A,S,I,7,1833,2.546
40,2B,W,I,7,1918,2.546
40,2B,W,I,8,2259,2.546
30,2A,S,I,2,191,2.547
29,2B,W,I,2,221,2.547
23,1B,W,U,4,332,2.547
23,1B,W,U,4,336,2.547
18,1B,W,I,6,1020,2.547
41,2B,S,U,6,1597,2.547
3,1A,W,U,10,2418,2.547
46,2B,W,U,10,2873,2.547
9,1B,W,I,3,128,2.548
23,1B,W,U,4,333,2.548
4,1A,W,U,5,620,2.548
42,2A,S,I,4,739,2.548
42,2A,S,I,4,746,2.548
44,2B,W,U,7,1950,2.548
21,1A,W,I,5,546,2.549
32,2A,S,I,6,1464,2.549
27,2A,W,U,6,1480,2.549
26,2B,S,U,10,2848,2.549
41,2B,S,U,3,526,2.55
1,1B,S,I,6,1039,2.55
16,1A,W,I,8,1636,2.55
38,2A,S,U,9,2577,2.55
27,2A,W,U,9,2610,2.55
15,1B,W,U,4,362,2.551
29,2B,W,I,4,864,2.551
50,2A,S,U,8,2242,2.551
23,1B,W,U,3,162,2.552
48,2B,W,U,6,1581,2.552
47,2B,W,I,7,1937,2.552
15,1B,W,U,2,49,2.553
38,2A,S,U,3,435,2.553
46,2B,W,U,3,523,2.553
15,1B,W,U,5,688,2.553
11,1A,S,U,6,909,2.553
1,1B,S,I,6,1046,2.553
17,1B,W,U,7,1386,2.553
45,2B,S,I,7,1922,2.553
23,1B,W,U,9,2163,2.553
30,2A,S,I,8,2211,2.553
29,2B,W,I,9,2615,2.553
48,2B,W,U,10,2863,2.553
14,1B,W,I,9,2105,2.554
45,2B,S,I,8,2290,2.554
45,2B,S,I,2,214,2.555
50,2A,S,U,5,1119,2.555
30,2A,S,I,6,1451,2.555
38,2A,S,U,6,1495,2.555
9,1B,W,I,8,1756,2.555
4,1A,W,U,9,2067,2.555
27,2A,W,U,10,2761,2.555
29,2B,W,I,10,2807,2.555
47,2B,W,I,10,2838,2.555
48,2B,W,U,10,2861,2.555
36,2A,W,U,4,760,2.556
18,1B,W,I,8,1742,2.556
34,2A,S,U,10,2750,2.556
23,1B,W,U,3,161,2.557
11,1A,S,U,6,904,2.557
23,1B,W,U,8,1778,2.557
8,1A,S,I,10,2369,2.557
47,2B,W,I,9,2651,2.557
21,1A,W,I,2,4,2.558
40,2B,W,I,2,229,2.558
22,1B,S,U,9,2143,2.558
5,1A,S,U,10,2405,2.558
43,2A,W,I,10,2735,2.558
27,2A,W,U,6,1489,2.559
38,2A,S,U,10,2787,2.559
21,1A,W,I,5,550,2.56
25,1A,S,I,5,560,2.56
4,1A,W,U,5,624,2.56
26,2B,S,U,4,828,2.56
11,1A,S,U,7,1294,2.56
6,1B,S,I,9,2080,2.56
22,1B,S,U,9,2144,2.56
30,2A,S,I,8,2210,2.56
41,2B,S,U,8,2337,2.56
7,1B,S,U,2,34,2.561
30,2A,S,I,6,1454,2.561
38,2A,S,U,6,1497,2.561
1,1B,S,I,9,2096,2.561
43,2A,W,I,8,2177,2.561
3,1A,W,U,10,2421,2.561
42,2A,S,I,10,2706,2.561
11,1A,S,U,3,108,2.562
18,1B,W,I,5,645,2.562
23,1B,W,U,5,683,2.562
23,1B,W,U,6,999,2.562
1,1B,S,I,6,1044,2.562
26,2B,S,U,5,1242,2.562
45,2B,S,I,8,2299,2.562
43,2A,W,I,4,717,2.563
36,2A,W,U,6,1510,2.563
36,2A,W,U,8,2246,2.563
7,1B,S,U,3,148,2.564
3,1A,W,U,4,307,2.564
4,1A,W,U,9,2065,2.564
30,2A,S,I,10,2702,2.564
27,2A,W,U,4,764,2.565
16,1A,W,I,7,1247,2.565
32,2A,S,I,6,1465,2.565
34,2A,S,U,6,1521,2.565
4,1A,W,U,4,250,2.566
21,1A,W,I,6,961,2.566
48,2B,W,U,5,1229,2.566
1,1B,S,I,7,1369,2.566
38,2A,S,U,6,1490,2.566
38,2A,S,U,6,1494,2.566
8,1A,S,I,8,1655,2.566
7,1B,S,U,10,2527,2.566
5,1A,S,U,2,9,2.567
7,1B,S,U,5,672,2.567
25,1A,S,I,7,1257,2.567
42,2A,S,I,2,194,2.568
43,2A,W,I,2,199,2.568
9,1B,W,I,4,398,2.568
30,2A,S,I,3,457,2.568
1,1B,S,I,5,658,2.568
48,2B,W,U,4,793,2.568
7,1B,S,U,7,1396,2.568
48,2B,W,U,7,1969,2.568
45,2B,S,I,9,2624,2.568
4,1A,W,U,2,21,2.569
16,1A,W,I,6,923,2.569
38,2A,S,U,7,1857,2.569
17,1B,W,U,6,1013,2.57
3,1A,W,U,7,1309,2.57
11,1A,S,U,10,2432,2.57
48,2B,W,U,10,2857,2.57
5,1A,S,U,3,99,2.571
14,1B,W,I,6,1048,2.571
40,2B,W,I,5,1197,2.571
23,1B,W,U,8,1769,2.571
22,1B,S,U,9,2148,2.571
11,1A,S,U,5,608,2.572
47,2B,W,I,4,832,2.572
26,2B,S,U,6,1591,2.572
22,1B,S,U,9,2147,2.572
21,1A,W,I,10,2381,2.572
12,1A,S,U,2,22,2.573
18,1B,W,I,3,141,2.573
33,2B,W,I,3,499,2.573
4,1A,W,U,6,920,2.573
42,2A,S,I,5,1095,2.573
50,2A,S,U,5,1122,2.573
26,2B,S,U,5,1234,2.573
42,2A,S,I,6,1434,2.573
48,2B,W,U,6,1578,2.573
27,2A,W,U,7,1874,2.573
38,2A,S,U,9,2572,2.573
23,1B,W,U,2,59,2.574
34,2A,S,U,3,472,2.574
23,1B,W,U,6,1002,2.574
29,2B,W,I,5,1174,2.574
8,1A,S,I,9,1990,2.574
2,1A,S,I,10,2350,2.574
26,2B,S,U,9,2684,2.574
17,1B,W,U,2,42,2.575
5,1A,S,U,5,598,2.575
21,1A,W,I,6,963,2.575
12,1A,S,U,7,1342,2.575
21,1A,W,I,8,1622,2.575
8,1A,S,I,3,73,2.576
44,2B,W,U,4,809,2.576
18,1B,W,I,7,1379,2.576
17,1B,W,U,7,1390,2.576
1,1B,S,I,9,2100,2.576
8,1A,S,I,5,566,2.577
27,2A,W,U,9,2603,2.578
46,2B,W,U,10,2869,2.578
5,1A,S,U,3,98,2.579
50,2A,S,U,5,1115,2.579
34,2A,S,U,6,1524,2.579
21,1A,W,I,8,1623,2.579
3,1A,W,U,9,2047,2.579
9,1B,W,I,9,2113,2.579
6,1B,S,I,4,411,2.58
8,1A,S,I,5,567,2.58
15,1B,W,U,5,693,2.58
21,1A,W,I,10,2380,2.58
44,2B,W,U,9,2673,2.58
45,2B,S,I,10,2802,2.58
32,2A,S,I,5,1082,2.581
28,2A,W,I,5,1074,2.582
12,1A,S,U,7,1338,2.582
30,2A,S,I,6,1456,2.582
22,1B,S,U,9,2140,2.582
33,2B,W,I,10,2831,2.582
8,1A,S,I,4,261,2.583
4,1A,W,U,5,589,2.583
30,2A,S,I,4,723,2.583
26,2B,S,U,7,1959,2.583
43,2A,W,I,8,2180,2.583
30,2A,S,I,8,2209,2.583
5,1A,S,U,4,304,2.584
47,2B,W,I,4,836,2.584
25,1A,S,I,8,1660,2.584
12,1A,S,U,9,2038,2.584
29,2B,W,I,9,2613,2.584
45,2B,S,I,10,2797,2.584
22,1B,S,U,3,139,2.585
29,2B,W,I,4,858,2.585
22,1B,S,U,10,2486,2.585
2,1A,S,I,4,281,2.586
12,1A,S,U,5,584,2.586
14,1B,W,I,5,627,2.586
26,2B,S,U,5,1233,2.586
25,1A,S,I,7,1258,2.586
29,2B,W,I,6,1565,2.586
34,2A,S,U,7,1880,2.586
5,1A,S,U,9,2075,2.586
22,1B,S,U,8,1794,2.587
36,2A,W,U,7,1892,2.587
18,1B,W,I,9,2082,2.587
42,2A,S,I,3,426,2.588
33,2B,W,I,4,866,2.588
4,1A,W,U,6,916,2.588
15,1B,W,U,8,1789,2.588
46,2B,W,U,8,2303,2.588
8,1A,S,I,4,265,2.589
9,1B,W,I,4,396,2.589
36,2A,W,U,3,436,2.589
2,1A,S,I,7,1282,2.589
47,2B,W,I,7,1935,2.589
34,2A,S,U,8,2227,2.589
32,2A,S,I,9,2549,2.589
23,1B,W,U,3,159,2.59
41,2B,S,U,8,2334,2.59
23,1B,W,U,10,2518,2.59
14,1B,W,I,4,377,2.591
18,1B,W,I,9,2087,2.591
18,1B,W,I,9,2090,2.591
14,1B,W,I,10,2455,2.591
25,1A,S,I,3,78,2.592
3,1A,W,U,4,331,2.592
48,2B,W,U,3,508,2.592
41,2B,S,U,4,853,2.592
42,2A,S,I,5,1096,2.592
29,2B,W,I,7,1898,2.592
38,2A,S,U,3,461,2.593
26,2B,S,U,5,1235,2.593
15,1B,W,U,8,1793,2.593
38,2A,S,U,7,1865,2.593
21,1A,W,I,10,2384,2.593
12,1A,S,U,10,2393,2.593
36,2A,W,U,4,757,2.594
14,1B,W,I,6,1052,2.594
15,1B,W,U,7,1404,2.594
29,2B,W,I,6,1564,2.594
42,2A,S,I,7,1808,2.594
38,2A,S,U,7,1863,2.594
26,2B,S,U,7,1964,2.594
38,2A,S,U,10,2784,2.594
1,1B,S,I,2,46,2.595
23,1B,W,U,4,334,2.595
44,2B,W,U,4,807,2.595
2,1A,S,I,6,945,2.595
36,2A,W,U,7,1883,2.595
6,1B,S,I,10,2438,2.595
25,1A,S,I,4,285,2.596
21,1A,W,I,4,298,2.596
47,2B,W,I,6,1571,2.596
41,2B,S,U,10,2890,2.596
3,1A,W,U,6,895,2.597
1,1B,S,I,8,1722,2.597
4,1A,W,U,4,249,2.598
3,1A,W,U,5,577,2.598
34,2A,S,U,4,781,2.598
9,1B,W,I,7,1359,2.598
14,1B,W,I,9,2106,2.598
14,1B,W,I,2,54,2.599
42,2A,S,I,7,1809,2.599
28,2A,W,I,2,207,2.6
9,1B,W,I,5,650,2.6
15,1B,W,U,6,986,2.6
18,1B,W,I,10,2465,2.6
42,2A,S,I,10,2710,2.6
26,2B,S,U,4,821,2.601
23,1B,W,U,7,1428,2.601
46,2B,W,U,8,2305,2.601
36,2A,W,U,10,2779,2.601
8,1A,S,I,3,70,2.602
22,1B,S,U,9,2141,2.602
25,1A,S,I,10,2353,2.602
7,1B,S,U,2,36,2.603
14,1B,W,I,3,167,2.603
16,1A,W,I,4,275,2.603
15,1B,W,U,7,1406,2.603
26,2B,S,U,6,1586,2.603
25,1A,S,I,9,2025,2.603
6,1B,S,I,10,2435,2.603
27,2A,W,U,9,2602,2.603
32,2A,S,I,8,2190,2.604
4,1A,W,U,4,242,2.605
1,1B,S,I,5,662,2.605
14,1B,W,I,6,1049,2.605
11,1A,S,U,7,1293,2.605
15,1B,W,U,10,2496,2.605
32,2A,S,I,5,1083,2.606
45,2B,S,I,5,1153,2.606
33,2B,W,I,5,1163,2.606
44,2B,W,U,7,1953,2.606
26,2B,S,U,10,2850,2.606
8,1A,S,I,4,259,2.607
21,1A,W,I,4,294,2.607
43,2A,W,I,4,720,2.607
29,2B,W,I,5,1179,2.607
17,1B,W,U,7,1389,2.607
33,2B,W,I,6,1549,2.607
16,1A,W,I,8,1633,2.607
3,1A,W,U,8,1698,2.607
46,2B,W,U,7,1939,2.607
7,1B,S,U,10,2522,2.607
26,2B,S,U,9,2683,2.607
11,1A,S,U,3,109,2.608
22,1B,S,U,3,137,2.608
15,1B,W,U,3,174,2.608
42,2A,S,I,3,422,2.608
21,1A,W,I,5,552,2.608
6,1B,S,I,5,638,2.608
33,2B,W,I,5,1167,2.608
28,2A,W,I,6,1475,2.608
48,2B,W,U,9,2680,2.608
45,2B,S,I,10,2798,2.608
9,1B,W,I,3,124,2.609
33,2B,W,I,4,865,2.609
41,2B,S,U,9,2698,2.609
15,1B,W,U,4,359,2.61
44,2B,W,U,3,503,2.61
34,2A,S,U,5,1110,2.61
50,2A,S,U,6,1501,2.61
4,1A,W,U,5,588,2.611
41,2B,S,U,4,850,2.611
27,2A,W,U,6,1485,2.611
3,1A,W,U,8,1704,2.611
29,2B,W,I,9,2612,2.611
5,1A,S,U,4,313,2.612
12,1A,S,U,7,1333,2.612
16,1A,W,I,6,930,2.613
1,1B,S,I,6,1038,2.613
22,1B,S,U,7,1417,2.613
28,2A,W,I,7,1818,2.613
4,1A,W,U,9,2060,2.613
4,1A,W,U,10,2409,2.613
27,2A,W,U,9,2608,2.613
46,2B,W,U,9,2658,2.613
6,1B,S,I,4,414,2.614
30,2A,S,I,4,729,2.614
25,1A,S,I,6,932,2.614
3,1A,W,U,7,1306,2.614
26,2B,S,U,3,515,2.615
7,1B,S,U,7,1393,2.615
3,1A,W,U,9,2048,2.615
41,2B,S,U,9,2699,2.615
30,2A,S,I,2,192,2.616
43,2A,W,I,3,450,2.616
30,2A,S,I,4,730,2.616
2,1A,S,I,7,1273,2.616
11,1A,S,U,9,2052,2.616
5,1A,S,U,10,2401,2.616
15,1B,W,U,10,2492,2.616
8,1A,S,I,6,949,2.617
33,2B,W,I,5,1164,2.617
18,1B,W,I,7,1384,2.617
5,1A,S,U,9,2071,2.617
25,1A,S,I,4,284,2.618
25,1A,S,I,4,292,2.618
21,1A,W,I,4,301,2.618
29,2B,W,I,3,489,2.618
45,2B,S,I,6,1542,2.618
28,2A,W,I,7,1821,2.618
21,1A,W,I,4,297,2.619
16,1A,W,I,5,541,2.619
46,2B,W,U,8,2307,2.619
18,1B,W,I,5,647,2.62
30,2A,S,I,5,1093,2.62
7,1B,S,U,7,1392,2.62
23,1B,W,U,10,2519,2.62
27,2A,W,U,9,2605,2.62
9,1B,W,I,9,2114,2.621
23,1B,W,U,10,2515,2.621
32,2A,S,I,10,2732,2.621
1,1B,S,I,4,408,2.622
27,2A,W,U,7,1870,2.622
47,2B,W,I,7,1931,2.622
50,2A,S,U,8,2243,2.622
4,1A,W,U,10,2412,2.622
14,1B,W,I,10,2452,2.622
43,2A,W,I,10,2742,2.622
12,1A,S,U,3,92,2.623
21,1A,W,I,6,959,2.623
32,2A,S,I,7,1825,2.623
47,2B,W,I,8,2286,2.623
17,1B,W,U,10,2510,2.623
21,1A,W,I,3,85,2.624
18,1B,W,I,9,2086,2.624
3,1A,W,U,10,2422,2.624
34,2A,S,U,10,2744,2.624
27,2A,W,U,2,201,2.625
11,1A,S,U,4,252,2.625
7,1B,S,U,5,669,2.625
34,2A,S,U,6,1528,2.625
11,1A,S,U,9,2056,2.625
5,1A,S,U,5,603,2.626
47,2B,W,I,7,1932,2.626
4,1A,W,U,10,2406,2.626
36,2A,W,U,10,2775,2.626
22,1B,S,U,6,996,2.627
2,1A,S,I,7,1275,2.627
33,2B,W,I,7,1906,2.627
15,1B,W,U,10,2500,2.627
23,1B,W,U,10,2514,2.627
40,2B,W,I,10,2819,2.627
2,1A,S,I,5,528,2.628
25,1A,S,I,5,563,2.628
32,2A,S,I,4,787,2.628
4,1A,W,U,8,1715,2.628
7,1B,S,U,8,1764,2.628
28,2A,W,I,7,1816,2.628
12,1A,S,U,10,2394,2.628
3,1A,W,U,10,2419,2.628
7,1B,S,U,4,374,2.629
43,2A,W,I,3,449,2.629
38,2A,S,U,4,753,2.629
18,1B,W,I,6,1025,2.629
32,2A,S,I,8,2194,2.629
30,2A,S,I,8,2207,2.629
21,1A,W,I,10,2382,2.629
8,1A,S,I,3,67,2.63
42,2A,S,I,2,196,2.63
28,2A,W,I,4,770,2.63
12,1A,S,U,6,887,2.63
2,1A,S,I,9,2026,2.63
28,2A,W,I,8,2203,2.63
25,1A,S,I,4,289,2.631
11,1A,S,U,6,907,2.631
14,1B,W,I,9,2107,2.631
5,1A,S,U,2,7,2.632
8,1A,S,I,4,262,2.632
18,1B,W,I,5,641,2.632
46,2B,W,U,6,1604,2.632
44,2B,W,U,7,1952,2.632
21,1A,W,I,2,5,2.633
1,1B,S,I,7,1374,2.633
36,2A,W,U,8,2247,2.633
3,1A,W,U,3,115,2.634
9,1B,W,I,6,1030,2.634
46,2B,W,U,5,1199,2.634
1,1B,S,I,5,660,2.635
32,2A,S,I,5,1080,2.635
8,1A,S,I,7,1284,2.635
36,2A,W,U,9,2582,2.635
43,2A,W,I,6,1446,2.636
21,1A,W,I,9,2012,2.636
5,1A,S,U,9,2073,2.636
2,1A,S,I,5,536,2.638
22,1B,S,U,7,1412,2.638
26,2B,S,U,8,2340,2.638
22,1B,S,U,2,45,2.639
16,1A,W,I,3,117,2.639
28,2A,W,I,5,1070,2.639
48,2B,W,U,7,1977,2.639
8,1A,S,I,9,1993,2.639
9,1B,W,I,9,2118,2.639
26,2B,S,U,5,1241,2.64
6,1B,S,I,10,2441,2.64
9,1B,W,I,6,1036,2.641
5,1A,S,U,7,1324,2.641
16,1A,W,I,9,2007,2.641
1,1B,S,I,10,2447,2.641
36,2A,W,U,10,2778,2.641
8,1A,S,I,4,263,2.642
38,2A,S,U,5,1128,2.642
32,2A,S,I,6,1469,2.642
40,2B,W,I,2,228,2.643
7,1B,S,U,6,976,2.643
36,2A,W,U,5,1144,2.643
14,1B,W,I,7,1346,2.643
45,2B,S,I,7,1926,2.643
25,1A,S,I,9,2019,2.643
22,1B,S,U,9,2149,2.643
7,1B,S,U,5,674,2.644
32,2A,S,I,4,784,2.644
43,2A,W,I,5,1060,2.644
48,2B,W,U,5,1228,2.644
15,1B,W,U,7,1407,2.644
26,2B,S,U,7,1963,2.644
1,1B,S,I,10,2446,2.644
42,2A,S,I,5,1104,2.645
16,1A,W,I,7,1245,2.645
12,1A,S,U,9,2035,2.645
8,1A,S,I,10,2371,2.645
42,2A,S,I,10,2711,2.645
7,1B,S,U,5,670,2.646
25,1A,S,I,7,1261,2.646
50,2A,S,U,8,2240,2.646
14,1B,W,I,10,2456,2.646
32,2A,S,I,6,1463,2.647
21,1A,W,I,9,2013,2.647
25,1A,S,I,9,2018,2.647
47,2B,W,I,8,2289,2.647
1,1B,S,I,3,152,2.648
21,1A,W,I,6,966,2.648
45,2B,S,I,5,1155,2.648
45,2B,S,I,10,2799,2.648
44,2B,W,U,10,2881,2.648
47,2B,W,I,3,502,2.649
1,1B,S,I,8,1727,2.649
32,2A,S,I,7,1823,2.649
25,1A,S,I,9,2024,2.649
32,2A,S,I,9,2546,2.649
41,2B,S,U,3,525,2.65
11,1A,S,U,6,910,2.65
15,1B,W,U,8,1787,2.65
8,1A,S,I,4,264,2.651
8,1A,S,I,5,565,2.651
3,1A,W,U,6,897,2.651
11,1A,S,U,9,2054,2.651
25,1A,S,I,6,938,2.652
22,1B,S,U,9,2142,2.652
8,1A,S,I,3,71,2.653
3,1A,W,U,4,323,2.653
36,2A,W,U,6,1518,2.653
6,1B,S,I,8,1716,2.653
26,2B,S,U,8,2339,2.653
14,1B,W,I,10,2453,2.653
18,1B,W,I,10,2468,2.653
11,1A,S,U,3,107,2.654
18,1B,W,I,4,394,2.654
45,2B,S,I,5,1154,2.654
8,1A,S,I,8,1651,2.654
50,2A,S,U,9,2568,2.654
46,2B,W,U,9,2655,2.654
3,1A,W,U,3,110,2.655
43,2A,W,I,4,715,2.655
21,1A,W,I,6,960,2.655
22,1B,S,U,7,1420,2.655
44,2B,W,U,6,1620,2.655
40,2B,W,I,8,2256,2.655
32,2A,S,I,5,1076,2.656
33,2B,W,I,5,1170,2.656
43,2A,W,I,6,1449,2.656
16,1A,W,I,10,2361,2.656
36,2A,W,U,10,2783,2.656
27,2A,W,U,10,2762,2.657
2,1A,S,I,3,63,2.658
16,1A,W,I,4,276,2.658
21,1A,W,I,4,300,2.658
28,2A,W,I,3,419,2.658
11,1A,S,U,5,583,2.658
33,2B,W,I,4,867,2.658
8,1A,S,I,6,955,2.658
9,1B,W,I,6,1031,2.659
33,2B,W,I,7,1910,2.659
45,2B,S,I,8,2296,2.659
44,2B,W,U,9,2672,2.659
48,2B,W,U,9,2675,2.659
3,1A,W,U,5,575,2.66
4,1A,W,U,5,623,2.66
46,2B,W,U,5,1202,2.66
9,1B,W,I,7,1361,2.66
15,1B,W,U,7,1403,2.66
22,1B,S,U,9,2146,2.66
23,1B,W,U,9,2167,2.66
26,2B,S,U,8,2342,2.66
29,2B,W,I,4,856,2.661
22,1B,S,U,6,994,2.661
26,2B,S,U,5,1238,2.661
18,1B,W,I,7,1381,2.661
43,2A,W,I,7,1843,2.661
38,2A,S,U,7,1861,2.661
42,2A,S,I,8,2174,2.661
43,2A,W,I,8,2178,2.661
48,2B,W,U,10,2854,2.661
5,1A,S,U,3,95,2.662
43,2A,W,I,2,198,2.662
21,1A,W,I,5,551,2.662
3,1A,W,U,5,594,2.662
32,2A,S,I,8,2189,2.662
12,1A,S,U,6,888,2.663
50,2A,S,U,8,2244,2.663
25,1A,S,I,3,75,2.665
27,2A,W,U,2,202,2.665
18,1B,W,I,4,388,2.666
21,1A,W,I,6,965,2.666
5,1A,S,U,10,2397,2.666
25,1A,S,I,2,2,2.667
36,2A,W,U,6,1517,2.667
6,1B,S,I,9,2079,2.667
38,2A,S,U,8,2238,2.667
32,2A,S,I,9,2552,2.667
45,2B,S,I,9,2633,2.667
47,2B,W,I,10,2836,2.667
42,2A,S,I,4,744,2.668
21,1A,W,I,6,962,2.668
36,2A,W,U,6,1514,2.668
38,2A,S,U,3,463,2.669
46,2B,W,U,3,522,2.669
30,2A,S,I,6,1457,2.669
2,1A,S,I,2,25,2.67
12,1A,S,U,3,90,2.67
3,1A,W,U,3,114,2.67
4,1A,W,U,4,246,2.67
47,2B,W,I,5,1182,2.67
1,1B,S,I,9,2098,2.67
12,1A,S,U,2,23,2.672
36,2A,W,U,9,2591,2.672
21,1A,W,I,3,80,2.673
6,1B,S,I,3,158,2.673
50,2A,S,U,3,467,2.673
40,2B,W,I,5,1196,2.673
44,2B,W,U,8,2316,2.673
4,1A,W,U,2,19,2.674
1,1B,S,I,2,48,2.674
16,1A,W,I,6,926,2.674
9,1B,W,I,7,1362,2.674
30,2A,S,I,6,1458,2.674
11,1A,S,U,8,1681,2.674
30,2A,S,I,3,455,2.675
47,2B,W,I,3,481,2.675
4,1A,W,U,5,619,2.675
32,2A,S,I,8,2187,2.675
45,2B,S,I,3,496,2.676
30,2A,S,I,6,1450,2.676
21,1A,W,I,8,1628,2.676
47,2B,W,I,9,2652,2.676
45,2B,S,I,5,1156,2.677
8,1A,S,I,5,570,2.678
26,2B,S,U,7,1965,2.678
1,1B,S,I,5,665,2.679
29,2B,W,I,4,855,2.679
12,1A,S,U,7,1341,2.679
15,1B,W,U,5,687,2.68
15,1B,W,U,5,691,2.68
22,1B,S,U,10,2489,2.68
7,1B,S,U,10,2525,2.68
1,1B,S,I,9,2093,2.681
34,2A,S,U,8,2225,2.681
50,2A,S,U,8,2239,2.681
27,2A,W,U,10,2763,2.681
3,1A,W,U,2,10,2.682
43,2A,W,I,3,447,2.682
2,1A,S,I,7,1280,2.682
36,2A,W,U,7,1891,2.682
43,2A,W,I,10,2736,2.682
7,1B,S,U,5,668,2.683
17,1B,W,U,8,1780,2.683
27,2A,W,U,8,2213,2.683
28,2A,W,I,10,2720,2.683
7,1B,S,U,5,671,2.684
40,2B,W,I,10,2816,2.684
4,1A,W,U,6,919,2.685
16,1A,W,I,6,922,2.685
34,2A,S,U,6,1526,2.685
25,1A,S,I,5,557,2.686
1,1B,S,I,2,47,2.687
5,1A,S,U,5,599,2.687
22,1B,S,U,5,702,2.687
3,1A,W,U,6,898,2.687
48,2B,W,U,5,1227,2.687
40,2B,W,I,6,1530,2.687
45,2B,S,I,8,2300,2.687
33,2B,W,I,10,2826,2.687
3,1A,W,U,5,592,2.688
1,1B,S,I,5,661,2.688
16,1A,W,I,7,1249,2.688
22,1B,S,U,7,1416,2.688
26,2B,S,U,7,1967,2.688
1,1B,S,I,9,2097,2.688
33,2B,W,I,8,2273,2.688
42,2A,S,I,3,421,2.689
25,1A,S,I,5,558,2.689
12,1A,S,U,10,2389,2.689
32,2A,S,I,9,2554,2.689
32,2A,S,I,7,1826,2.69
45,2B,S,I,10,2803,2.69
1,1B,S,I,4,401,2.691
33,2B,W,I,8,2275,2.691
7,1B,S,U,10,2531,2.691
34,2A,S,U,10,2748,2.691
15,1B,W,U,5,686,2.692
22,1B,S,U,2,44,2.693
8,1A,S,I,4,268,2.693
25,1A,S,I,6,937,2.693
17,1B,W,U,3,131,2.694
1,1B,S,I,4,405,2.694
18,1B,W,I,5,639,2.694
8,1A,S,I,7,1292,2.694
21,1A,W,I,8,1625,2.694
18,1B,W,I,8,1740,2.694
32,2A,S,I,7,1831,2.694
6,1B,S,I,9,2081,2.694
44,2B,W,U,8,2314,2.694
32,2A,S,I,9,2547,2.694
41,2B,S,U,10,2887,2.694
15,1B,W,U,5,695,2.695
18,1B,W,I,10,2469,2.695
33,2B,W,I,3,500,2.696
21,1A,W,I,5,545,2.696
36,2A,W,U,9,2587,2.696
42,2A,S,I,3,424,2.697
44,2B,W,U,5,1223,2.697
41,2B,S,U,7,1987,2.697
36,2A,W,U,5,1143,2.698
25,1A,S,I,8,1662,2.699
1,1B,S,I,10,2442,2.699
23,1B,W,U,7,1422,2.7
41,2B,S,U,6,1594,2.7
1,1B,S,I,8,1721,2.7
1,1B,S,I,8,1725,2.7
32,2A,S,I,7,1830,2.7
5,1A,S,U,10,2398,2.7
3,1A,W,U,10,2423,2.7
1,1B,S,I,4,404,2.701
4,1A,W,U,6,917,2.701
42,2A,S,I,5,1097,2.701
29,2B,W,I,5,1175,2.701
12,1A,S,U,9,2033,2.701
44,2B,W,U,8,2313,2.701
47,2B,W,I,10,2840,2.701
44,2B,W,U,10,2876,2.701
30,2A,S,I,3,452,2.702
29,2B,W,I,4,857,2.702
11,1A,S,U,8,1677,2.702
47,2B,W,I,8,2293,2.702
33,2B,W,I,2,217,2.703
40,2B,W,I,5,1192,2.703
21,1A,W,I,10,2385,2.703
34,2A,S,U,10,2751,2.703
27,2A,W,U,10,2760,2.703
32,2A,S,I,2,211,2.704
7,1B,S,U,4,372,2.704
41,2B,S,U,7,1980,2.704
48,2B,W,U,9,2674,2.704
44,2B,W,U,10,2875,2.704
8,1A,S,I,5,572,2.705
11,1A,S,U,8,1684,2.705
22,1B,S,U,8,1795,2.705
46,2B,W,U,8,2310,2.705
25,1A,S,I,5,562,2.706
18,1B,W,I,5,640,2.706
47,2B,W,I,5,1183,2.706
18,1B,W,I,7,1377,2.706
34,2A,S,U,9,2600,2.706
48,2B,W,U,10,2860,2.706
17,1B,W,U,5,713,2.707
32,2A,S,I,5,1081,2.707
16,1A,W,I,7,1252,2.707
4,1A,W,U,7,1320,2.707
17,1B,W,U,7,1387,2.707
33,2B,W,I,6,1547,2.707
3,1A,W,U,10,2420,2.707
14,1B,W,I,10,2460,2.707
34,2A,S,U,9,2593,2.707
42,2A,S,I,10,2708,2.707
3,1A,W,U,2,12,2.708
25,1A,S,I,4,290,2.708
15,1B,W,U,10,2501,2.708
38,2A,S,U,10,2788,2.708
33,2B,W,I,2,216,2.709
47,2B,W,I,3,485,2.709
38,2A,S,U,5,1129,2.709
27,2A,W,U,5,1133,2.709
18,1B,W,I,8,1746,2.709
33,2B,W,I,7,1907,2.709
15,1B,W,U,9,2131,2.709
42,2A,S,I,9,2557,2.709
32,2A,S,I,10,2731,2.709
2,1A,S,I,2,26,2.71
25,1A,S,I,3,74,2.71
25,1A,S,I,7,1259,2.71
8,1A,S,I,2,14,2.711
26,2B,S,U,2,218,2.711
4,1A,W,U,6,914,2.711
40,2B,W,I,5,1194,2.711
41,2B,S,U,7,1988,2.711
3,1A,W,U,8,1700,2.712
21,1A,W,I,8,1629,2.713
23,1B,W,U,8,1773,2.713
16,1A,W,I,9,2002,2.713
43,2A,W,I,3,451,2.714
8,1A,S,I,6,951,2.714
9,1B,W,I,6,1033,2.714
42,2A,S,I,6,1438,2.714
43,2A,W,I,6,1442,2.714
43,2A,W,I,7,1844,2.714
33,2B,W,I,7,1909,2.714
3,1A,W,U,9,2046,2.714
33,2B,W,I,8,2276,2.714
46,2B,W,U,9,2659,2.714
32,2A,S,I,10,2728,2.714
5,1A,S,U,5,600,2.715
26,2B,S,U,7,1961,2.715
30,2A,S,I,10,2701,2.715
30,2A,S,I,4,725,2.716
1,1B,S,I,9,2095,2.716
40,2B,W,I,9,2623,2.716
16,1A,W,I,5,539,2.717
15,1B,W,U,8,1791,2.717
21,1A,W,I,9,2015,2.717
9,1B,W,I,9,2120,2.717
44,2B,W,U,9,2667,2.717
3,1A,W,U,4,330,2.718
45,2B,S,I,6,1544,2.718
32,2A,S,I,2,209,2.719
16,1A,W,I,6,927,2.719
36,2A,W,U,9,2588,2.719
36,2A,W,U,6,1512,2.72
43,2A,W,I,9,2533,2.72
44,2B,W,U,10,2879,2.72
9,1B,W,I,4,395,2.721
41,2B,S,U,4,852,2.721
21,1A,W,I,8,1626,2.721
4,1A,W,U,8,1708,2.721
9,1B,W,I,8,1750,2.721
46,2B,W,U,9,2660,2.721
22,1B,S,U,4,354,2.722
1,1B,S,I,4,409,2.722
11,1A,S,U,6,906,2.722
44,2B,W,U,6,1617,2.722
7,1B,S,U,9,2130,2.723
1,1B,S,I,10,2450,2.723
38,2A,S,U,2,188,2.724
18,1B,W,I,4,389,2.724
47,2B,W,I,3,484,2.724
21,1A,W,I,10,2383,2.724
50,2A,S,U,2,183,2.725
11,1A,S,U,9,2055,2.725
41,2B,S,U,8,2336,2.725
40,2B,W,I,4,844,2.726
3,1A,W,U,4,306,2.727
40,2B,W,I,3,477,2.727
12,1A,S,U,6,889,2.727
46,2B,W,U,5,1206,2.727
26,2B,S,U,6,1584,2.727
47,2B,W,I,7,1938,2.727
2,1A,S,I,9,2027,2.727
36,2A,W,U,8,2248,2.727
23,1B,W,U,10,2521,2.727
21,1A,W,I,3,87,2.728
30,2A,S,I,4,728,2.728
30,2A,S,I,8,2206,2.728
21,1A,W,I,4,302,2.729
7,1B,S,U,4,369,2.729
25,1A,S,I,5,564,2.729
4,1A,W,U,5,622,2.729
30,2A,S,I,5,1087,2.729
21,1A,W,I,4,293,2.73
45,2B,S,I,6,1538,2.73
5,1A,S,U,8,1667,2.73
47,2B,W,I,9,2650,2.73
2,1A,S,I,8,1647,2.731
14,1B,W,I,8,1729,2.731
47,2B,W,I,9,2645,2.731
45,2B,S,I,3,492,2.732
47,2B,W,I,6,1566,2.732
16,1A,W,I,9,2000,2.732
7,1B,S,U,5,673,2.733
23,1B,W,U,7,1424,2.733
27,2A,W,U,7,1867,2.733
18,1B,W,I,10,2471,2.733
38,2A,S,U,3,462,2.734
50,2A,S,U,3,465,2.734
27,2A,W,U,5,1134,2.734
50,2A,S,U,6,1509,2.734
18,1B,W,I,9,2089,2.734
17,1B,W,U,4,343,2.735
30,2A,S,I,3,453,2.735
5,1A,S,U,7,1326,2.735
9,1B,W,I,7,1364,2.735
18,1B,W,I,7,1382,2.735
38,2A,S,U,4,749,2.736
43,2A,W,I,6,1443,2.736
3,1A,W,U,8,1699,2.736
18,1B,W,I,10,2466,2.736
7,1B,S,U,10,2528,2.736
42,2A,S,I,5,1102,2.737
36,2A,W,U,8,2253,2.737
46,2B,W,U,8,2306,2.737
32,2A,S,I,10,2727,2.737
6,1B,S,I,5,637,2.738
48,2B,W,U,6,1577,2.738
16,1A,W,I,10,2358,2.738
42,2A,S,I,4,740,2.739
40,2B,W,I,10,2821,2.739
2,1A,S,I,4,279,2.74
11,1A,S,U,5,606,2.74
12,1A,S,U,3,89,2.741
3,1A,W,U,3,116,2.741
15,1B,W,U,5,689,2.741
9,1B,W,I,6,1034,2.741
47,2B,W,I,8,2287,2.741
42,2A,S,I,9,2559,2.741
5,1A,S,U,4,319,2.742
44,2B,W,U,5,1224,2.742
44,2B,W,U,7,1955,2.742
47,2B,W,I,9,2644,2.742
16,1A,W,I,10,2362,2.743
44,2B,W,U,9,2666,2.743
9,1B,W,I,2,57,2.744
25,1A,S,I,7,1260,2.745
17,1B,W,U,8,1784,2.745
6,1B,S,I,10,2434,2.745
22,1B,S,U,10,2488,2.745
7,1B,S,U,5,675,2.746
30,2A,S,I,4,722,2.746
16,1A,W,I,10,2359,2.746
41,2B,S,U,3,524,2.747
18,1B,W,I,6,1021,2.747
40,2B,W,I,5,1198,2.747
9,1B,W,I,8,1753,2.747
33,2B,W,I,7,1903,2.747
36,2A,W,U,9,2584,2.747
9,1B,W,I,5,654,2.748
26,2B,S,U,4,826,2.748
43,2A,W,I,6,1448,2.748
8,1A,S,I,10,2373,2.748
41,2B,S,U,6,1598,2.749
9,1B,W,I,5,652,2.75
1,1B,S,I,8,1719,2.75
8,1A,S,I,10,2370,2.75
21,1A,W,I,10,2379,2.75
4,1A,W,U,10,2407,2.75
47,2B,W,I,10,2842,2.75
16,1A,W,I,3,118,2.751
28,2A,W,I,5,1068,2.751
45,2B,S,I,5,1161,2.751
4,1A,W,U,8,1710,2.751
7,1B,S,U,9,2125,2.751
15,1B,W,U,7,1401,2.752
22,1B,S,U,5,698,2.753
7,1B,S,U,6,978,2.753
2,1A,S,I,3,64,2.754
25,1A,S,I,5,561,2.754
50,2A,S,U,4,738,2.754
21,1A,W,I,8,1631,2.754
1,1B,S,I,10,2443,2.754
48,2B,W,U,9,2678,2.754
7,1B,S,U,2,35,2.755
12,1A,S,U,4,327,2.755
50,2A,S,U,5,1121,2.755
25,1A,S,I,7,1256,2.755
2,1A,S,I,8,1642,2.755
48,2B,W,U,3,512,2.756
16,1A,W,I,9,2003,2.756
32,2A,S,I,8,2192,2.756
28,2A,W,I,8,2200,2.756
34,2A,S,U,8,2224,2.756
11,1A,S,U,10,2433,2.756
32,2A,S,I,8,2188,2.758
48,2B,W,U,10,2855,2.758
14,1B,W,I,3,173,2.759
5,1A,S,U,7,1332,2.759
14,1B,W,I,10,2454,2.759
34,2A,S,U,9,2599,2.759
15,1B,W,U,3,177,2.76
43,2A,W,I,6,1440,2.76
14,1B,W,I,6,1050,2.761
3,1A,W,U,9,2043,2.761
41,2B,S,U,8,2330,2.761
41,2B,S,U,10,2884,2.761
29,2B,W,I,6,1563,2.762
12,1A,S,U,9,2029,2.762
44,2B,W,U,9,2671,2.762
29,2B,W,I,5,1177,2.763
32,2A,S,I,8,2186,2.763
22,1B,S,U,10,2483,2.763
40,2B,W,I,2,227,2.764
7,1B,S,U,4,368,2.764
28,2A,W,I,7,1813,2.764
8,1A,S,I,9,1995,2.764
27,2A,W,U,9,2604,2.764
40,2B,W,I,5,1193,2.766
22,1B,S,U,10,2491,2.766
36,2A,W,U,2,204,2.767
4,1A,W,U,4,247,2.767
47,2B,W,I,9,2648,2.767
29,2B,W,I,2,223,2.768
11,1A,S,U,5,610,2.768
27,2A,W,U,4,768,2.768
18,1B,W,I,6,1024,2.768
30,2A,S,I,2,193,2.769
43,2A,W,I,4,718,2.769
9,1B,W,I,10,2480,2.769
50,2A,S,U,4,736,2.77
1,1B,S,I,9,2101,2.77
28,2A,W,I,6,1476,2.771
28,2A,W,I,10,2722,2.771
26,2B,S,U,10,2853,2.771
7,1B,S,U,3,143,2.772
33,2B,W,I,6,1550,2.772
2,1A,S,I,7,1274,2.773
1,1B,S,I,3,155,2.774
36,2A,W,U,6,1519,2.774
2,1A,S,I,3,65,2.775
30,2A,S,I,4,727,2.775
4,1A,W,U,8,1712,2.775
7,1B,S,U,10,2524,2.775
40,2B,W,I,10,2814,2.775
40,2B,W,I,4,838,2.776
28,2A,W,I,8,2197,2.776
3,1A,W,U,7,1304,2.777
36,2A,W,U,5,1146,2.778
45,2B,S,I,5,1159,2.778
15,1B,W,U,7,1408,2.778
26,2B,S,U,9,2688,2.778
6,1B,S,I,2,32,2.779
48,2B,W,U,6,1576,2.78
40,2B,W,I,8,2257,2.78
26,2B,S,U,8,2341,2.78
22,1B,S,U,6,995,2.781
14,1B,W,I,6,1055,2.781
40,2B,W,I,6,1534,2.781
48,2B,W,U,6,1580,2.781
1,1B,S,I,10,2444,2.781
9,1B,W,I,5,655,2.782
34,2A,S,U,6,1520,2.782
33,2B,W,I,8,2272,2.782
11,1A,S,U,3,105,2.783
41,2B,S,U,7,1983,2.783
26,2B,S,U,7,1962,2.784
36,2A,W,U,9,2585,2.784
40,2B,W,I,3,479,2.785
25,1A,S,I,5,559,2.785
14,1B,W,I,5,630,2.785
14,1B,W,I,6,1057,2.785
48,2B,W,U,4,794,2.786
18,1B,W,I,6,1019,2.786
43,2A,W,I,6,1447,2.786
26,2B,S,U,9,2690,2.786
16,1A,W,I,5,543,2.787
8,1A,S,I,5,568,2.787
16,1A,W,I,7,1248,2.787
3,1A,W,U,7,1310,2.787
29,2B,W,I,7,1900,2.787
26,2B,S,U,8,2346,2.787
32,2A,S,I,9,2550,2.787
33,2B,W,I,9,2637,2.787
8,1A,S,I,4,260,2.788
11,1A,S,U,4,255,2.788
33,2B,W,I,5,1169,2.788
3,1A,W,U,9,2042,2.788
43,2A,W,I,8,2176,2.788
40,2B,W,I,8,2260,2.788
14,1B,W,I,3,168,2.789
45,2B,S,I,8,2297,2.789
50,2A,S,U,10,2766,2.789
44,2B,W,U,4,806,2.79
48,2B,W,U,6,1575,2.79
33,2B,W,I,7,1905,2.79
8,1A,S,I,5,571,2.791
18,1B,W,I,6,1026,2.791
11,1A,S,U,10,2424,2.791
18,1B,W,I,2,39,2.792
21,1A,W,I,3,84,2.792
41,2B,S,U,3,527,2.792
44,2B,W,U,5,1222,2.792
33,2B,W,I,6,1553,2.792
30,2A,S,I,3,454,2.793
4,1A,W,U,8,1706,2.793
4,1A,W,U,8,1709,2.793
42,2A,S,I,8,2172,2.793
11,1A,S,U,7,1295,2.794
38,2A,S,U,10,2789,2.794
40,2B,W,I,4,846,2.795
46,2B,W,U,5,1200,2.795
17,1B,W,U,3,132,2.796
48,2B,W,U,3,509,2.796
16,1A,W,I,8,1635,2.796
15,1B,W,U,10,2494,2.796
12,1A,S,U,3,88,2.797
48,2B,W,U,2,239,2.797
48,2B,W,U,8,2326,2.797
16,1A,W,I,2,28,2.801
11,1A,S,U,4,256,2.801
3,1A,W,U,5,576,2.801
21,1A,W,I,7,1270,2.801
8,1A,S,I,10,2374,2.801
47,2B,W,I,10,2835,2.801
26,2B,S,U,7,1960,2.802
32,2A,S,I,9,2555,2.802
44,2B,W,U,6,1619,2.803
30,2A,S,I,3,458,2.804
8,1A,S,I,5,574,2.804
25,1A,S,I,8,1661,2.804
26,2B,S,U,7,1968,2.804
17,1B,W,U,10,2507,2.804
1,1B,S,I,5,663,2.805
40,2B,W,I,4,845,2.805
5,1A,S,U,10,2404,2.805
40,2B,W,I,7,1913,2.806
12,1A,S,U,10,2386,2.806
25,1A,S,I,6,935,2.807
36,2A,W,U,6,1515,2.807
4,1A,W,U,9,2063,2.807
9,1B,W,I,9,2115,2.807
47,2B,W,I,9,2649,2.807
9,1B,W,I,3,127,2.808
8,1A,S,I,5,573,2.809
46,2B,W,U,4,815,2.809
16,1A,W,I,8,1634,2.809
32,2A,S,I,10,2733,2.809
18,1B,W,I,5,643,2.81
9,1B,W,I,5,649,2.811
45,2B,S,I,5,1160,2.811
43,2A,W,I,3,448,2.812
3,1A,W,U,7,1312,2.812
42,2A,S,I,8,2168,2.812
44,2B,W,U,8,2319,2.812
7,1B,S,U,10,2529,2.812
18,1B,W,I,7,1383,2.813
14,1B,W,I,3,170,2.814
27,2A,W,U,7,1871,2.814
14,1B,W,I,10,2457,2.814
11,1A,S,U,4,254,2.815
9,1B,W,I,6,1029,2.815
9,1B,W,I,6,1032,2.815
26,2B,S,U,10,2851,2.815
18,1B,W,I,4,393,2.817
14,1B,W,I,6,1051,2.817
36,2A,W,U,5,1149,2.817
9,1B,W,I,4,397,2.818
36,2A,W,U,6,1511,2.818
16,1A,W,I,6,924,2.82
25,1A,S,I,7,1262,2.82
2,1A,S,I,6,941,2.821
18,1B,W,I,4,385,2.822
44,2B,W,U,8,2312,2.822
47,2B,W,I,5,1188,2.823
9,1B,W,I,7,1363,2.823
15,1B,W,U,7,1409,2.823
36,2A,W,U,7,1890,2.824
47,2B,W,I,2,230,2.825
44,2B,W,U,8,2311,2.826
17,1B,W,U,3,133,2.827
28,2A,W,I,5,1069,2.827
27,2A,W,U,7,1872,2.827
9,1B,W,I,7,1357,2.828
40,2B,W,I,7,1914,2.828
44,2B,W,U,9,2668,2.828
15,1B,W,U,7,1402,2.829
48,2B,W,U,4,791,2.83
48,2B,W,U,4,792,2.83
38,2A,S,U,5,1127,2.831
4,1A,W,U,7,1318,2.832
3,1A,W,U,4,308,2.833
25,1A,S,I,6,936,2.833
1,1B,S,I,5,656,2.834
9,1B,W,I,7,1356,2.834
9,1B,W,I,7,1360,2.834
15,1B,W,U,7,1405,2.834
43,2A,W,I,6,1445,2.834
2,1A,S,I,9,2028,2.834
16,1A,W,I,4,269,2.835
4,1A,W,U,4,243,2.835
18,1B,W,I,6,1018,2.835
12,1A,S,U,9,2037,2.835
15,1B,W,U,3,179,2.836
12,1A,S,U,4,321,2.836
16,1A,W,I,7,1243,2.836
25,1A,S,I,7,1255,2.836
44,2B,W,U,7,1957,2.836
14,1B,W,I,9,2103,2.836
41,2B,S,U,8,2332,2.836
40,2B,W,I,10,2815,2.836
9,1B,W,I,4,400,2.838
32,2A,S,I,10,2730,2.838
32,2A,S,I,5,1079,2.842
17,1B,W,U,7,1385,2.842
8,1A,S,I,7,1290,2.843
4,1A,W,U,8,1711,2.843
7,1B,S,U,9,2123,2.845
18,1B,W,I,3,142,2.846
15,1B,W,U,3,180,2.846
15,1B,W,U,2,51,2.847
14,1B,W,I,7,1352,2.848
9,1B,W,I,9,2112,2.848
18,1B,W,I,2,38,2.849
3,1A,W,U,3,113,2.849
18,1B,W,I,4,387,2.849
25,1A,S,I,6,939,2.849
40,2B,W,I,5,1195,2.849
34,2A,S,U,7,1882,2.85
25,1A,S,I,4,288,2.851
25,1A,S,I,2,3,2.852
12,1A,S,U,5,613,2.853
34,2A,S,U,9,2595,2.853
48,2B,W,U,3,510,2.854
46,2B,W,U,4,818,2.854
3,1A,W,U,8,1703,2.854
11,1A,S,U,4,257,2.855
14,1B,W,I,9,2110,2.856
21,1A,W,I,5,547,2.857
36,2A,W,U,10,2781,2.857
2,1A,S,I,5,531,2.859
26,2B,S,U,4,825,2.86
25,1A,S,I,8,1658,2.861
16,1A,W,I,9,2001,2.861
4,1A,W,U,9,2059,2.861
18,1B,W,I,8,1748,2.862
9,1B,W,I,9,2116,2.862
25,1A,S,I,6,934,2.863
4,1A,W,U,4,244,2.864
22,1B,S,U,5,699,2.864
21,1A,W,I,7,1267,2.864
40,2B,W,I,6,1532,2.864
44,2B,W,U,7,1951,2.865
11,1A,S,U,3,106,2.867
6,1B,S,I,3,156,2.867
50,2A,S,U,7,1853,2.867
4,1A,W,U,3,102,2.868
34,2A,S,U,3,428,2.868
22,1B,S,U,6,997,2.868
18,1B,W,I,6,1023,2.868
15,1B,W,U,9,2135,2.868
9,1B,W,I,6,1037,2.869
3,1A,W,U,9,2044,2.87
40,2B,W,I,3,475,2.871
27,2A,W,U,5,1135,2.871
30,2A,S,I,3,456,2.872
7,1B,S,U,9,2124,2.872
17,1B,W,U,9,2150,2.872
4,1A,W,U,8,1707,2.874
36,2A,W,U,10,2776,2.875
12,1A,S,U,10,2390,2.876
44,2B,W,U,8,2320,2.878
9,1B,W,I,5,653,2.88
15,1B,W,U,9,2137,2.881
41,2B,S,U,2,236,2.884
40,2B,W,I,6,1535,2.884
4,1A,W,U,2,20,2.885
9,1B,W,I,7,1358,2.885
45,2B,S,I,8,2291,2.885
21,1A,W,I,10,2378,2.885
18,1B,W,I,3,144,2.887
27,2A,W,U,4,767,2.888
16,1A,W,I,10,2360,2.888
32,2A,S,I,5,1075,2.889
15,1B,W,U,8,1788,2.89
6,1B,S,I,6,1007,2.894
16,1A,W,I,7,1250,2.895
44,2B,W,U,7,1956,2.896
15,1B,W,U,9,2133,2.896
3,1A,W,U,4,317,2.898
1,1B,S,I,4,407,2.898
15,1B,W,U,9,2138,2.898
16,1A,W,I,5,542,2.901
4,1A,W,U,3,104,2.902
16,1A,W,I,10,2364,2.902
11,1A,S,U,7,1297,2.906
38,2A,S,U,8,2230,2.907
16,1A,W,I,10,2365,2.908
15,1B,W,U,5,692,2.909
16,1A,W,I,8,1638,2.909
50,2A,S,U,10,2773,2.909
33,2B,W,I,5,1162,2.912
3,1A,W,U,8,1705,2.913
42,2A,S,I,7,1806,2.914
44,2B,W,U,9,2670,2.914
9,1B,W,I,2,56,2.915
36,2A,W,U,3,437,2.915
44,2B,W,U,3,505,2.915
1,1B,S,I,4,410,2.916
38,2A,S,U,4,754,2.916
15,1B,W,U,3,175,2.917
16,1A,W,I,10,2363,2.917
21,1A,W,I,7,1268,2.918
12,1A,S,U,10,2391,2.918
33,2B,W,I,7,1908,2.919
21,1A,W,I,10,2376,2.921
3,1A,W,U,9,2045,2.922
16,1A,W,I,6,925,2.924
14,1B,W,I,4,379,2.925
44,2B,W,U,6,1616,2.925
50,2A,S,U,10,2764,2.925
11,1A,S,U,6,905,2.926
18,1B,W,I,10,2464,2.926
40,2B,W,I,7,1917,2.928
22,1B,S,U,9,2145,2.93
14,1B,W,I,10,2459,2.93
7,1B,S,U,6,974,2.931
18,1B,W,I,9,2091,2.932
40,2B,W,I,6,1536,2.933
44,2B,W,U,6,1615,2.935
33,2B,W,I,8,2277,2.935
40,2B,W,I,10,2823,2.935
5,1A,S,U,8,1668,2.936
22,1B,S,U,8,1801,2.936
47,2B,W,I,6,1572,2.937
15,1B,W,U,4,358,2.938
27,2A,W,U,7,1866,2.939
25,1A,S,I,7,1254,2.942
36,2A,W,U,9,2583,2.942
33,2B,W,I,8,2279,2.943
38,2A,S,U,2,190,2.948
3,1A,W,U,5,596,2.948
3,1A,W,U,7,1303,2.949
47,2B,W,I,7,1933,2.949
48,2B,W,U,8,2321,2.953
33,2B,W,I,7,1904,2.956
17,1B,W,U,3,130,2.963
50,2A,S,U,8,2241,2.965
1,1B,S,I,8,1728,2.967
47,2B,W,I,10,2834,2.968
15,1B,W,U,3,176,2.969
8,1A,S,I,10,2375,2.97
9,1B,W,I,9,2119,2.974
15,1B,W,U,8,1786,2.975
25,1A,S,I,9,2022,2.975
33,2B,W,I,6,1552,2.976
47,2B,W,I,7,1934,2.976
21,1A,W,I,7,1271,2.977
44,2B,W,U,9,2665,2.977
50,2A,S,U,4,735,2.978
41,2B,S,U,8,2331,2.978
16,1A,W,I,8,1632,2.98
44,2B,W,U,6,1618,2.981
40,2B,W,I,10,2820,2.981
11,1A,S,U,7,1299,2.984
27,2A,W,U,7,1873,2.986
45,2B,S,I,9,2627,2.989
36,2A,W,U,5,1141,2.998
33,2B,W,I,9,2640,2.998
27,2A,W,U,8,2220,2.999
36,2A,W,U,5,1145,3.001
8,1A,S,I,4,266,3.002
44,2B,W,U,6,1621,3.002
17,1B,W,U,5,706,3.008
17,1B,W,U,10,2504,3.008
27,2A,W,U,10,2759,3.008
25,1A,S,I,10,2355,3.009
4,1A,W,U,9,2066,3.011
42,2A,S,I,8,2175,3.014
44,2B,W,U,6,1614,3.022
9,1B,W,I,8,1755,3.023
33,2B,W,I,8,2278,3.024
3,1A,W,U,6,899,3.028
15,1B,W,U,3,178,3.033
22,1B,S,U,5,697,3.035
25,1A,S,I,9,2021,3.037
28,2A,W,I,10,2721,3.037
44,2B,W,U,7,1958,3.042
22,1B,S,U,6,992,3.053
44,2B,W,U,10,2883,3.056
11,1A,S,U,2,16,3.057
25,1A,S,I,10,2351,3.058
33,2B,W,I,8,2274,3.06
25,1A,S,I,5,555,3.068
42,2A,S,I,7,1810,3.068
9,1B,W,I,9,2121,3.072
44,2B,W,U,10,2882,3.074
9,1B,W,I,10,2478,3.075
25,1A,S,I,6,933,3.081
47,2B,W,I,5,1190,3.098
4,1A,W,U,7,1316,3.107
42,2A,S,I,6,1437,3.128
4,1A,W,U,8,1714,3.136
32,2A,S,I,5,1077,3.143
47,2B,W,I,9,2647,3.157
3,1A,W,U,9,2040,3.162
41,2B,S,U,9,2696,3.169
44,2B,W,U,10,2880,3.173
33,2B,W,I,6,1554,3.181
28,2A,W,I,7,1817,3.183
44,2B,W,U,9,2669,3.196
36,2A,W,U,8,2252,3.199
44,2B,W,U,10,2878,3.219
7,1B,S,U,5,666,3.222
44,2B,W,U,9,2664,3.223