ColonyID,InocDate,Round,Pollen,Infection,SampleWeek,BeeID,Crithidia,WingSize,Dissect Date,Notes
25c,07/06/17,1A,S,I,2,1,11,2.531,13-Jul,
25c,07/06/17,1A,S,I,2,2,55,2.667,13-Jul,
25c,07/06/17,1A,S,I,2,3,53,2.852,13-Jul,
21c,07/06/17,1A,W,I,2,4,63,2.558,13-Jul,
21c,07/06/17,1A,W,I,2,5,0,2.633,13-Jul,
21c,07/06/17,1A,W,I,2,6,0,2.508,13-Jul,
8c,07/06/17,1A,S,I,2,13,0,2.505,13-Jul,
8c,07/06/17,1A,S,I,2,14,1,2.711,13-Jul,
8c,07/06/17,1A,S,I,2,15,2,2.274,13-Jul,
2c,07/06/17,1A,S,I,2,25,162,2.67,13-Jul,
2c,07/06/17,1A,S,I,2,26,124,2.71,13-Jul,
2c,07/06/17,1A,S,I,2,27,85,2.469,13-Jul,
16c,07/06/17,1A,W,I,2,28,24,2.801,13-Jul,
16c,07/06/17,1A,W,I,2,29,5,2.393,13-Jul,
16c,07/06/17,1A,W,I,2,30,14,2.505,13-Jul,
6c,07/07/17,1B,S,I,2,31,2,2.476,14-Jul,
6c,07/07/17,1B,S,I,2,32,0,2.779,14-Jul,
6c,07/07/17,1B,S,I,2,33,4,2.481,14-Jul,
18c,07/07/17,1B,W,I,2,37,0,2.432,14-Jul,
18c,07/07/17,1B,W,I,2,38,9,2.849,14-Jul,
18c,07/07/17,1B,W,I,2,39,28,2.792,14-Jul,
1c,07/07/17,1B,S,I,2,46,111,2.595,14-Jul,
1c,07/07/17,1B,S,I,2,47,2,2.687,14-Jul,
1c,07/07/17,1B,S,I,2,48,17,2.674,14-Jul,
14c,07/07/17,1B,W,I,2,52,68,2.362,14-Jul,
14c,07/07/17,1B,W,I,2,53,15,2.423,14-Jul,
14c,07/07/17,1B,W,I,2,54,1,2.599,14-Jul,
9c,07/07/17,1B,W,I,2,55,33,2.503,14-Jul,
9c,07/07/17,1B,W,I,2,56,5,2.915,14-Jul,
9c,07/07/17,1B,W,I,2,57,49,2.744,14-Jul,
2c,07/06/17,1A,S,I,3,61,11,1.931,20-Jul,
2c,07/06/17,1A,S,I,3,62,24,2.488,20-Jul,
2c,07/06/17,1A,S,I,3,63,70,2.658,20-Jul,
2c,07/06/17,1A,S,I,3,64,41,2.754,20-Jul,
2c,07/06/17,1A,S,I,3,65,127,2.775,20-Jul,
8c,07/06/17,1A,S,I,3,66,11,2.492,20-Jul,
8c,07/06/17,1A,S,I,3,67,28,2.63,20-Jul,
8c,07/06/17,1A,S,I,3,68,144,2.507,20-Jul,
8c,07/06/17,1A,S,I,3,69,48,2.408,20-Jul,
8c,07/06/17,1A,S,I,3,70,2,2.602,20-Jul,
8c,07/06/17,1A,S,I,3,71,37,2.653,20-Jul,
8c,07/06/17,1A,S,I,3,72,79,2.537,20-Jul,
8c,07/06/17,1A,S,I,3,73,60,2.576,20-Jul,
25c,07/06/17,1A,S,I,3,74,132,2.71,20-Jul,
25c,07/06/17,1A,S,I,3,75,64,2.665,20-Jul,
25c,07/06/17,1A,S,I,3,76,0,2.025,20-Jul,
25c,07/06/17,1A,S,I,3,77,0,2.512,20-Jul,
25c,07/06/17,1A,S,I,3,78,48,2.592,20-Jul,
25c,07/06/17,1A,S,I,3,79,14,2.117,20-Jul,
21c,07/06/17,1A,W,I,3,80,0,2.673,20-Jul,
21c,07/06/17,1A,W,I,3,82,72,1.999,20-Jul,
21c,07/06/17,1A,W,I,3,83,19,2.2,20-Jul,
21c,07/06/17,1A,W,I,3,84,3,2.792,20-Jul,
21c,07/06/17,1A,W,I,3,85,0,2.624,20-Jul,
21c,07/06/17,1A,W,I,3,86,1,2.365,20-Jul,
21c,07/06/17,1A,W,I,3,87,11,2.728,20-Jul,
16c,07/06/17,1A,W,I,3,117,38,2.639,20-Jul,
16c,07/06/17,1A,W,I,3,118,17,2.751,20-Jul,
16c,07/06/17,1A,W,I,3,119,2,2.544,20-Jul,
16c,07/06/17,1A,W,I,3,120,14,2.246,20-Jul,
16c,07/06/17,1A,W,I,3,121,30,2.532,20-Jul,
16c,07/06/17,1A,W,I,3,122,94,2.306,20-Jul,
16c,07/06/17,1A,W,I,3,123,40,2.197,20-Jul,
9c,07/07/17,1B,W,I,3,124,106,2.609,21-Jul,
9c,07/07/17,1B,W,I,3,125,27,2.503,21-Jul,
9c,07/07/17,1B,W,I,3,126,81,2.476,21-Jul,
9c,07/07/17,1B,W,I,3,127,71,2.808,21-Jul,
9c,07/07/17,1B,W,I,3,128,56,2.548,21-Jul,
18c,07/07/17,1B,W,I,3,141,18,2.573,21-Jul,
18c,07/07/17,1B,W,I,3,142,42,2.846,21-Jul,
18c,07/07/17,1B,W,I,3,144,117,2.887,21-Jul,
18c,07/07/17,1B,W,I,3,147,41,2.533,21-Jul,
18c,07/07/17,1B,W,I,3,149,31,2.533,21-Jul,
1c,07/07/17,1B,S,I,3,150,3,2.473,21-Jul,
1c,07/07/17,1B,S,I,3,151,6,2.546,21-Jul,
1c,07/07/17,1B,S,I,3,152,1,2.648,21-Jul,
1c,07/07/17,1B,S,I,3,153,8,2.272,21-Jul,
1c,07/07/17,1B,S,I,3,154,11,2.386,21-Jul,
1c,07/07/17,1B,S,I,3,155,31,2.774,21-Jul,
6c,07/07/17,1B,S,I,3,156,0,2.867,21-Jul,
6c,07/07/17,1B,S,I,3,157,168,2.533,21-Jul,
6c,07/07/17,1B,S,I,3,158,1,2.673,21-Jul,
14c,07/07/17,1B,W,I,3,165,0,2.352,21-Jul,
14c,07/07/17,1B,W,I,3,166,0,2.537,21-Jul,
14c,07/07/17,1B,W,I,3,167,100,2.603,21-Jul,
14c,07/07/17,1B,W,I,3,168,25,2.789,21-Jul,
14c,07/07/17,1B,W,I,3,169,175,2.455,21-Jul,
14c,07/07/17,1B,W,I,3,170,0,2.814,21-Jul,CALLOW
14c,07/07/17,1B,W,I,3,171,23,2.332,21-Jul,
14c,07/07/17,1B,W,I,3,172,40,2.371,21-Jul,
14c,07/07/17,1B,W,I,3,173,17,2.759,21-Jul,
30c,07/18/17,2A,S,I,2,191,1,2.547,25-Jul,
30c,07/18/17,2A,S,I,2,192,0,2.616,25-Jul,
30c,07/18/17,2A,S,I,2,193,133,2.769,25-Jul,
42c,07/18/17,2A,S,I,2,194,114,2.568,25-Jul,
42c,07/18/17,2A,S,I,2,195,4,2.232,25-Jul,
42c,07/18/17,2A,S,I,2,196,26,2.63,25-Jul,
43c,07/18/17,2A,W,I,2,197,153,2.475,25-Jul,
43c,07/18/17,2A,W,I,2,198,120,2.662,25-Jul,
43c,07/18/17,2A,W,I,2,199,68,2.568,25-Jul,
28c,07/18/17,2A,W,I,2,206,20,2.515,25-Jul,
28c,07/18/17,2A,W,I,2,207,65,2.6,25-Jul,
28c,07/18/17,2A,W,I,2,208,16,2.376,25-Jul,
32c,07/18/17,2A,S,I,2,209,0,2.719,25-Jul,
32c,07/18/17,2A,S,I,2,210,22,2.533,25-Jul,
32c,07/18/17,2A,S,I,2,211,0,2.704,25-Jul,
45c,07/19/17,2B,S,I,2,212,1,2.401,26-Jul,
45c,07/19/17,2B,S,I,2,213,1,2.361,26-Jul,
45c,07/19/17,2B,S,I,2,214,21,2.555,26-Jul,
33c,07/19/17,2B,W,I,2,215,43,2.478,26-Jul,
33c,07/19/17,2B,W,I,2,216,16,2.709,26-Jul,
33c,07/19/17,2B,W,I,2,217,138,2.703,26-Jul,
29c,07/19/17,2B,W,I,2,221,0,2.547,26-Jul,
29c,07/19/17,2B,W,I,2,222,5,2.474,26-Jul,
29c,07/19/17,2B,W,I,2,223,0,2.768,26-Jul,
40c,07/19/17,2B,W,I,2,227,0,2.764,26-Jul,
40c,07/19/17,2B,W,I,2,228,3,2.643,26-Jul,
40c,07/19/17,2B,W,I,2,229,0,2.558,26-Jul,
47c,07/19/17,2B,W,I,2,230,2,2.825,26-Jul,
47c,07/19/17,2B,W,I,2,231,0,2.261,26-Jul,
47c,07/19/17,2B,W,I,2,232,0,2.468,26-Jul,
8c,07/07/17,1A,S,I,4,259,2,2.607,27-Jul,
8c,07/07/17,1A,S,I,4,260,1,2.788,27-Jul,
16c,07/07/17,1A,W,I,4,270,48,2.001,27-Jul,
16c,07/07/17,1A,W,I,4,271,43,2.533,27-Jul,
16c,07/07/17,1A,W,I,4,272,36,2.091,27-Jul,
16c,07/07/17,1A,W,I,4,273,56,2.54,27-Jul,
16c,07/07/17,1A,W,I,4,274,101,2.453,27-Jul,
16c,07/07/17,1A,W,I,4,275,9,2.603,27-Jul,
16c,07/07/17,1A,W,I,4,276,12,2.658,27-Jul,
2c,07/07/17,1A,S,I,4,277,11,2.464,27-Jul,
2c,07/07/17,1A,S,I,4,278,40,2.448,27-Jul,
2c,07/07/17,1A,S,I,4,279,34,2.74,27-Jul,
2c,07/07/17,1A,S,I,4,280,0,2.534,27-Jul,
2c,07/07/17,1A,S,I,4,281,114,2.586,27-Jul,
2c,07/07/17,1A,S,I,4,282,1,2.344,27-Jul,
25c,07/07/17,1A,S,I,4,283,0,2.524,27-Jul,
25c,07/07/17,1A,S,I,4,284,7,2.618,27-Jul,
25c,07/07/17,1A,S,I,4,285,1,2.596,27-Jul,
8c,07/07/17,1A,S,I,4,261,47,2.583,27-Jul,
8c,07/07/17,1A,S,I,4,262,2,2.632,27-Jul,
8c,07/07/17,1A,S,I,4,263,1,2.642,27-Jul,
8c,07/07/17,1A,S,I,4,264,26,2.651,27-Jul,
8c,07/07/17,1A,S,I,4,265,33,2.589,27-Jul,
8c,07/07/17,1A,S,I,4,266,1,3.002,27-Jul,
8c,07/07/17,1A,S,I,4,267,1,2.408,27-Jul,
8c,07/07/17,1A,S,I,4,268,40,2.693,27-Jul,
16c,07/07/17,1A,W,I,4,269,71,2.835,27-Jul,
2c,07/07/17,1A,S,I,4,286,4,2.534,27-Jul,
25c,07/07/17,1A,S,I,4,287,1,2.112,27-Jul,
25c,07/07/17,1A,S,I,4,288,0,2.851,27-Jul,
25c,07/07/17,1A,S,I,4,289,0,2.631,27-Jul,
25c,07/07/17,1A,S,I,4,290,5,2.708,27-Jul,
25c,07/07/17,1A,S,I,4,291,5,2.33,27-Jul,
25c,07/07/17,1A,S,I,4,292,10,2.618,27-Jul,
21c,07/07/17,1A,W,I,4,293,0,2.73,27-Jul,
21c,07/07/17,1A,W,I,4,294,49,2.607,27-Jul,
21c,07/07/17,1A,W,I,4,295,1,2.455,27-Jul,
21c,07/07/17,1A,W,I,4,296,2,2.352,27-Jul,
21c,07/07/17,1A,W,I,4,297,1,2.619,27-Jul,
21c,07/07/17,1A,W,I,4,298,22,2.596,27-Jul,
21c,07/07/17,1A,W,I,4,299,73,2.055,27-Jul,
21c,07/07/17,1A,W,I,4,300,0,2.658,27-Jul,
21c,07/07/17,1A,W,I,4,301,0,2.618,27-Jul,
21c,07/07/17,1A,W,I,4,302,2,2.729,27-Jul,
14c,07/08/17,1B,W,I,4,376,6,2.421,28-Jul,
14c,07/08/17,1B,W,I,4,377,56,2.591,28-Jul,
14c,07/08/17,1B,W,I,4,378,15,2.458,28-Jul,
14c,07/08/17,1B,W,I,4,379,22,2.925,28-Jul,
14c,07/08/17,1B,W,I,4,380,2,2.356,28-Jul,
14c,07/08/17,1B,W,I,4,381,2,2.31,28-Jul,
14c,07/08/17,1B,W,I,4,382,24,2.167,28-Jul,
14c,07/08/17,1B,W,I,4,383,23,2.543,28-Jul,
14c,07/08/17,1B,W,I,4,384,22,2.295,28-Jul,
18c,07/08/17,1B,W,I,4,385,112,2.822,28-Jul,
18c,07/08/17,1B,W,I,4,386,75,2.183,28-Jul,
18c,07/08/17,1B,W,I,4,387,63,2.849,28-Jul,
18c,07/08/17,1B,W,I,4,388,32,2.666,28-Jul,
18c,07/08/17,1B,W,I,4,389,8,2.724,28-Jul,
18c,07/08/17,1B,W,I,4,390,75,2.537,28-Jul,
18c,07/08/17,1B,W,I,4,391,47,2.345,28-Jul,
18c,07/08/17,1B,W,I,4,392,12,2.302,28-Jul,
18c,07/08/17,1B,W,I,4,393,3,2.817,28-Jul,
18c,07/08/17,1B,W,I,4,394,26,2.654,28-Jul,
9c,07/08/17,1B,W,I,4,395,16,2.721,28-Jul,
9c,07/08/17,1B,W,I,4,396,45,2.589,28-Jul,
9c,07/08/17,1B,W,I,4,397,45,2.818,28-Jul,
9c,07/08/17,1B,W,I,4,398,1,2.568,28-Jul,
9c,07/08/17,1B,W,I,4,399,37,2.403,28-Jul,
9c,07/08/17,1B,W,I,4,400,66,2.838,28-Jul,
1c,07/08/17,1B,S,I,4,401,0,2.691,28-Jul,
1c,07/08/17,1B,S,I,4,402,0,2.529,28-Jul,
1c,07/08/17,1B,S,I,4,403,14,2.534,28-Jul,
1c,07/08/17,1B,S,I,4,404,0,2.701,28-Jul,
1c,07/08/17,1B,S,I,4,405,0,2.694,28-Jul,
1c,07/08/17,1B,S,I,4,406,11,2.075,28-Jul,
1c,07/08/17,1B,S,I,4,407,1,2.898,28-Jul,
1c,07/08/17,1B,S,I,4,408,39,2.622,28-Jul,
1c,07/08/17,1B,S,I,4,409,0,2.722,28-Jul,
1c,07/08/17,1B,S,I,4,410,0,2.916,28-Jul,
6c,07/08/17,1B,S,I,4,411,9,2.58,28-Jul,
6c,07/08/17,1B,S,I,4,412,1,2.498,28-Jul,
6c,07/08/17,1B,S,I,4,413,33,2.494,28-Jul,
6c,07/08/17,1B,S,I,4,414,9,2.614,28-Jul,
6c,07/08/17,1B,S,I,4,415,1,2.451,28-Jul,
28c,07/18/17,2A,W,I,3,416,7,2.292,01-Aug,
28c,07/18/17,2A,W,I,3,417,57,2.146,01-Aug,
28c,07/18/17,2A,W,I,3,418,1,2.523,01-Aug,
28c,07/18/17,2A,W,I,3,419,21,2.658,01-Aug,
28c,07/18/17,2A,W,I,3,420,131,2.426,01-Aug,
42c,07/18/17,2A,S,I,3,421,0,2.689,01-Aug,
42c,07/18/17,2A,S,I,3,422,45,2.608,01-Aug,
42c,07/18/17,2A,S,I,3,423,0,2.453,01-Aug,
42c,07/18/17,2A,S,I,3,424,0,2.697,01-Aug,
42c,07/18/17,2A,S,I,3,425,8,2.538,01-Aug,
42c,07/18/17,2A,S,I,3,426,0,2.588,01-Aug,
32c,07/18/17,2A,S,I,3,442,1,2.393,01-Aug,
32c,07/18/17,2A,S,I,3,443,0,2.524,01-Aug,
32c,07/18/17,2A,S,I,3,444,9,2.126,01-Aug,
32c,07/18/17,2A,S,I,3,445,35,2.342,01-Aug,
32c,07/18/17,2A,S,I,3,446,51,2.525,01-Aug,
43c,07/18/17,2A,W,I,3,447,36,2.682,01-Aug,
43c,07/18/17,2A,W,I,3,448,325,2.812,01-Aug,
43c,07/18/17,2A,W,I,3,449,186,2.629,01-Aug,
43c,07/18/17,2A,W,I,3,450,75,2.616,01-Aug,
43c,07/18/17,2A,W,I,3,451,7,2.714,01-Aug,
30c,07/18/17,2A,S,I,3,452,42,2.702,01-Aug,
30c,07/18/17,2A,S,I,3,453,25,2.735,01-Aug,
30c,07/18/17,2A,S,I,3,454,1,2.793,01-Aug,
30c,07/18/17,2A,S,I,3,455,12,2.675,01-Aug,
30c,07/18/17,2A,S,I,3,456,0,2.872,01-Aug,
30c,07/18/17,2A,S,I,3,457,60,2.568,01-Aug,
30c,07/18/17,2A,S,I,3,458,134,2.804,01-Aug,
40c,07/19/17,2B,W,I,3,475,3,2.871,02-Aug,
40c,07/19/17,2B,W,I,3,476,121,2.184,02-Aug,
40c,07/19/17,2B,W,I,3,477,0,2.727,02-Aug,
40c,07/19/17,2B,W,I,3,478,24,2.5,02-Aug,
40c,07/19/17,2B,W,I,3,479,47,2.785,02-Aug,
40c,07/19/17,2B,W,I,3,480,72,2.347,02-Aug,
47c,07/19/17,2B,W,I,3,481,0,2.675,02-Aug,
47c,07/19/17,2B,W,I,3,482,0,2.341,02-Aug,
47c,07/19/17,2B,W,I,3,483,9,2.322,02-Aug,
47c,07/19/17,2B,W,I,3,484,2,2.724,02-Aug,
47c,07/19/17,2B,W,I,3,485,0,2.709,02-Aug,
47c,07/19/17,2B,W,I,3,486,1,2.313,02-Aug,
29c,07/19/17,2B,W,I,3,487,48,2.318,02-Aug,
29c,07/19/17,2B,W,I,3,488,34,2.185,02-Aug,
29c,07/19/17,2B,W,I,3,489,0,2.618,02-Aug,
29c,07/19/17,2B,W,I,3,490,20,2.499,02-Aug,
29c,07/19/17,2B,W,I,3,491,0,2.224,02-Aug,
45c,07/19/17,2B,S,I,3,492,1,2.732,02-Aug,
45c,07/19/17,2B,S,I,3,493,45,2.523,02-Aug,
45c,07/19/17,2B,S,I,3,494,108,2.437,02-Aug,
45c,07/19/17,2B,S,I,3,495,6,2.239,02-Aug,
45c,07/19/17,2B,S,I,3,496,0,2.676,02-Aug,
33c,07/19/17,2B,W,I,3,497,56,2.503,02-Aug,
33c,07/19/17,2B,W,I,3,498,21,2.205,02-Aug,
33c,07/19/17,2B,W,I,3,499,9,2.573,02-Aug,
33c,07/19/17,2B,W,I,3,500,7,2.696,02-Aug,
33c,07/19/17,2B,W,I,3,501,0,2.533,02-Aug,
47c,07/19/17,2B,W,I,3,502,6,2.649,02-Aug,
2c,07/06/17,1A,S,I,5,528,0,2.628,03-Aug,
2c,07/06/17,1A,S,I,5,529,31,2.3,03-Aug,
2c,07/06/17,1A,S,I,5,530,42,2.44,03-Aug,
2c,07/06/17,1A,S,I,5,531,24,2.859,03-Aug,
2c,07/06/17,1A,S,I,5,532,2,2.415,03-Aug,
2c,07/06/17,1A,S,I,5,533,62,2.26,03-Aug,
2c,07/06/17,1A,S,I,5,534,7,2.52,03-Aug,
2c,07/06/17,1A,S,I,5,535,21,2.463,03-Aug,
2c,07/06/17,1A,S,I,5,536,217,2.638,03-Aug,
2c,07/06/17,1A,S,I,5,537,98,2.487,03-Aug,
16c,07/06/17,1A,W,I,5,538,63,2.413,03-Aug,
16c,07/06/17,1A,W,I,5,539,31,2.717,03-Aug,
16c,07/06/17,1A,W,I,5,540,1,2.211,03-Aug,
16c,07/06/17,1A,W,I,5,541,32,2.619,03-Aug,
16c,07/06/17,1A,W,I,5,542,158,2.901,03-Aug,
16c,07/06/17,1A,W,I,5,543,83,2.787,03-Aug,
16c,07/06/17,1A,W,I,5,544,42,2.503,03-Aug,
21c,07/06/17,1A,W,I,5,545,1,2.696,03-Aug,
21c,07/06/17,1A,W,I,5,546,0,2.549,03-Aug,
21c,07/06/17,1A,W,I,5,547,0,2.857,03-Aug,
21c,07/06/17,1A,W,I,5,548,70,2.158,03-Aug,
21c,07/06/17,1A,W,I,5,549,31,2.027,03-Aug,
21c,07/06/17,1A,W,I,5,550,17,2.56,03-Aug,
21c,07/06/17,1A,W,I,5,551,32,2.662,03-Aug,
21c,07/06/17,1A,W,I,5,552,15,2.608,03-Aug,
21c,07/06/17,1A,W,I,5,553,0,2.519,03-Aug,
21c,07/06/17,1A,W,I,5,554,61,2.433,03-Aug,
25c,07/06/17,1A,S,I,5,555,53,3.068,03-Aug,
25c,07/06/17,1A,S,I,5,556,0,2.382,03-Aug,
25c,07/06/17,1A,S,I,5,557,32,2.686,03-Aug,
25c,07/06/17,1A,S,I,5,558,49,2.689,03-Aug,
25c,07/06/17,1A,S,I,5,559,0,2.785,03-Aug,
25c,07/06/17,1A,S,I,5,560,54,2.56,03-Aug,
25c,07/06/17,1A,S,I,5,561,25,2.754,03-Aug,
25c,07/06/17,1A,S,I,5,562,14,2.706,03-Aug,
25c,07/06/17,1A,S,I,5,563,1,2.628,03-Aug,
25c,07/06/17,1A,S,I,5,564,0,2.729,03-Aug,
8c,07/06/17,1A,S,I,5,565,6,2.651,03-Aug,
8c,07/06/17,1A,S,I,5,566,21,2.577,03-Aug,
8c,07/06/17,1A,S,I,5,567,12,2.58,03-Aug,
8c,07/06/17,1A,S,I,5,568,29,2.787,03-Aug,
8c,07/06/17,1A,S,I,5,569,27,2.249,03-Aug,
8c,07/06/17,1A,S,I,5,570,1,2.678,03-Aug,
8c,07/06/17,1A,S,I,5,571,0,2.791,03-Aug,
8c,07/06/17,1A,S,I,5,572,0,2.705,03-Aug,
8c,07/06/17,1A,S,I,5,573,1,2.809,03-Aug,
8c,07/06/17,1A,S,I,5,574,0,2.804,03-Aug,
14c,07/07/17,1B,W,I,5,625,8,2.184,04-Aug,
14c,07/07/17,1B,W,I,5,626,0,2.375,04-Aug,
14c,07/07/17,1B,W,I,5,627,140,2.586,04-Aug,
14c,07/07/17,1B,W,I,5,628,30,2.319,04-Aug,
14c,07/07/17,1B,W,I,5,629,41,2.461,04-Aug,
14c,07/07/17,1B,W,I,5,630,71,2.785,04-Aug,
14c,07/07/17,1B,W,I,5,631,32,2.443,04-Aug,
14c,07/07/17,1B,W,I,5,632,36,2.463,04-Aug,
14c,07/07/17,1B,W,I,5,633,29,2.358,04-Aug,
6c,07/07/17,1B,S,I,5,634,30,2.482,04-Aug,
6c,07/07/17,1B,S,I,5,635,56,2.344,04-Aug,
6c,07/07/17,1B,S,I,5,636,19,2.24,04-Aug,
6c,07/07/17,1B,S,I,5,637,41,2.738,04-Aug,
6c,07/07/17,1B,S,I,5,638,96,2.608,04-Aug,
18c,07/07/17,1B,W,I,5,639,24,2.694,04-Aug,
18c,07/07/17,1B,W,I,5,640,3,2.706,04-Aug,
18c,07/07/17,1B,W,I,5,641,14,2.632,04-Aug,
18c,07/07/17,1B,W,I,5,642,19,2.362,04-Aug,
18c,07/07/17,1B,W,I,5,643,57,2.81,04-Aug,
18c,07/07/17,1B,W,I,5,644,47,2.226,04-Aug,
18c,07/07/17,1B,W,I,5,645,10,2.562,04-Aug,
18c,07/07/17,1B,W,I,5,646,54,2.377,04-Aug,
18c,07/07/17,1B,W,I,5,647,250,2.62,04-Aug,
18c,07/07/17,1B,W,I,5,648,0,2.514,04-Aug,
9c,07/07/17,1B,W,I,5,649,7,2.811,04-Aug,
9c,07/07/17,1B,W,I,5,650,44,2.6,04-Aug,
9c,07/07/17,1B,W,I,5,651,19,2.44,04-Aug,
9c,07/07/17,1B,W,I,5,652,50,2.75,04-Aug,
9c,07/07/17,1B,W,I,5,653,21,2.88,04-Aug,
9c,07/07/17,1B,W,I,5,654,33,2.748,04-Aug,
9c,07/07/17,1B,W,I,5,655,24,2.782,04-Aug,
1c,07/07/17,1B,S,I,5,656,0,2.834,04-Aug,
1c,07/07/17,1B,S,I,5,657,0,2.467,04-Aug,
1c,07/07/17,1B,S,I,5,658,3,2.568,04-Aug,
1c,07/07/17,1B,S,I,5,659,3,2.487,04-Aug,
1c,07/07/17,1B,S,I,5,660,24,2.635,04-Aug,
1c,07/07/17,1B,S,I,5,661,10,2.688,04-Aug,
1c,07/07/17,1B,S,I,5,662,1,2.605,04-Aug,
1c,07/07/17,1B,S,I,5,663,2,2.805,04-Aug,
1c,07/07/17,1B,S,I,5,664,1,2.46,04-Aug,
1c,07/07/17,1B,S,I,5,665,18,2.679,04-Aug,
43c,07/18/17,2A,W,I,4,715,31,2.655,08-Aug,
43c,07/18/17,2A,W,I,4,716,17,2.493,08-Aug,
43c,07/18/17,2A,W,I,4,717,55,2.563,08-Aug,
43c,07/18/17,2A,W,I,4,718,30,2.769,08-Aug,
43c,07/18/17,2A,W,I,4,719,11,2.483,08-Aug,
43c,07/18/17,2A,W,I,4,720,26,2.607,08-Aug,
30c,07/18/17,2A,S,I,4,721,5,2.373,08-Aug,
30c,07/18/17,2A,S,I,4,722,37,2.746,08-Aug,
30c,07/18/17,2A,S,I,4,723,1,2.583,08-Aug,
30c,07/18/17,2A,S,I,4,724,7,2.533,08-Aug,
30c,07/18/17,2A,S,I,4,725,56,2.716,08-Aug,
30c,07/18/17,2A,S,I,4,726,1,2.524,08-Aug,
30c,07/18/17,2A,S,I,4,727,19,2.775,08-Aug,
30c,07/18/17,2A,S,I,4,728,3,2.728,08-Aug,
30c,07/18/17,2A,S,I,4,729,4,2.614,08-Aug,
30c,07/18/17,2A,S,I,4,730,38,2.616,08-Aug,
42c,07/18/17,2A,S,I,4,739,0,2.548,08-Aug,
42c,07/18/17,2A,S,I,4,740,0,2.739,08-Aug,
42c,07/18/17,2A,S,I,4,741,0,2.527,08-Aug,
42c,07/18/17,2A,S,I,4,742,4,2.221,08-Aug,
42c,07/18/17,2A,S,I,4,743,2,2.542,08-Aug,
42c,07/18/17,2A,S,I,4,744,30,2.668,08-Aug,
42c,07/18/17,2A,S,I,4,745,6,2.488,08-Aug,
42c,07/18/17,2A,S,I,4,746,0,2.548,08-Aug,
28c,07/18/17,2A,W,I,4,769,0,2.425,08-Aug,
28c,07/18/17,2A,W,I,4,770,0,2.63,08-Aug,
28c,07/18/17,2A,W,I,4,771,13,2.02,08-Aug,
28c,07/18/17,2A,W,I,4,772,0,2.307,08-Aug,
28c,07/18/17,2A,W,I,4,773,0,2.249,08-Aug,
28c,07/18/17,2A,W,I,4,774,3,2.086,08-Aug,
28c,07/18/17,2A,W,I,4,775,15,2.358,08-Aug,
32c,07/18/17,2A,S,I,4,783,0,2.393,08-Aug,
32c,07/18/17,2A,S,I,4,784,0,2.644,08-Aug,
32c,07/18/17,2A,S,I,4,785,0,2.329,08-Aug,
32c,07/18/17,2A,S,I,4,786,0,2.261,08-Aug,
32c,07/18/17,2A,S,I,4,787,0,2.628,08-Aug,
32c,07/18/17,2A,S,I,4,788,2,1.975,08-Aug,
32c,07/18/17,2A,S,I,4,789,6,2.292,08-Aug,
45c,07/19/17,2B,S,I,4,795,42,2.205,09-Aug,
45c,07/19/17,2B,S,I,4,796,9,2.414,09-Aug,
45c,07/19/17,2B,S,I,4,797,0,2.533,09-Aug,
45c,07/19/17,2B,S,I,4,798,5,2.428,09-Aug,
45c,07/19/17,2B,S,I,4,799,9,2.478,09-Aug,
45c,07/19/17,2B,S,I,4,800,16,1.729,09-Aug,
45c,07/19/17,2B,S,I,4,801,23,2.266,09-Aug,
45c,07/19/17,2B,S,I,4,802,3,2.018,09-Aug,
45c,07/19/17,2B,S,I,4,803,22,2.167,09-Aug,
45c,07/19/17,2B,S,I,4,804,25,2.384,09-Aug,
47c,07/19/17,2B,W,I,4,829,0,2.447,09-Aug,
47c,07/19/17,2B,W,I,4,830,25,2.482,09-Aug,
47c,07/19/17,2B,W,I,4,831,0,2.137,09-Aug,
47c,07/19/17,2B,W,I,4,832,10,2.572,09-Aug,
47c,07/19/17,2B,W,I,4,833,0,2.395,09-Aug,
47c,07/19/17,2B,W,I,4,834,0,2.081,09-Aug,
47c,07/19/17,2B,W,I,4,835,44,2.366,09-Aug,
47c,07/19/17,2B,W,I,4,836,158,2.584,09-Aug,
47c,07/19/17,2B,W,I,4,837,44,2.263,09-Aug,
40c,07/19/17,2B,W,I,4,838,58,2.776,09-Aug,
40c,07/19/17,2B,W,I,4,839,28,2.455,09-Aug,
40c,07/19/17,2B,W,I,4,840,47,2.251,09-Aug,
40c,07/19/17,2B,W,I,4,841,52,2.267,09-Aug,
40c,07/19/17,2B,W,I,4,842,51,2.336,09-Aug,
40c,07/19/17,2B,W,I,4,843,75,2.382,09-Aug,
40c,07/19/17,2B,W,I,4,844,5,2.726,09-Aug,
40c,07/19/17,2B,W,I,4,845,87,2.805,09-Aug,
40c,07/19/17,2B,W,I,4,846,105,2.795,09-Aug,
40c,07/19/17,2B,W,I,4,847,20,2.467,09-Aug,
29c,07/19/17,2B,W,I,4,855,0,2.679,09-Aug,
29c,07/19/17,2B,W,I,4,856,22,2.661,09-Aug,
29c,07/19/17,2B,W,I,4,857,1,2.702,09-Aug,
29c,07/19/17,2B,W,I,4,858,19,2.585,09-Aug,
29c,07/19/17,2B,W,I,4,859,1,2.323,09-Aug,
29c,07/19/17,2B,W,I,4,860,0,2.312,09-Aug,
29c,07/19/17,2B,W,I,4,861,2,2.241,09-Aug,
29c,07/19/17,2B,W,I,4,862,18,2.467,09-Aug,
29c,07/19/17,2B,W,I,4,863,12,2.313,09-Aug,
29c,07/19/17,2B,W,I,4,864,0,2.551,09-Aug,
33c,07/19/17,2B,W,I,4,865,3,2.609,09-Aug,
33c,07/19/17,2B,W,I,4,866,55,2.588,09-Aug,
33c,07/19/17,2B,W,I,4,867,27,2.658,09-Aug,
33c,07/19/17,2B,W,I,4,868,46,2.531,09-Aug,
33c,07/19/17,2B,W,I,4,869,21,2.437,09-Aug,
33c,07/19/17,2B,W,I,4,870,22,2.201,09-Aug,
33c,07/19/17,2B,W,I,4,871,78,2.27,09-Aug,
16c,07/06/17,1A,W,I,6,922,3,2.685,10-Aug,
16c,07/06/17,1A,W,I,6,923,13,2.569,10-Aug,
16c,07/06/17,1A,W,I,6,924,28,2.82,10-Aug,
16c,07/06/17,1A,W,I,6,925,27,2.924,10-Aug,
16c,07/06/17,1A,W,I,6,926,11,2.674,10-Aug,
16c,07/06/17,1A,W,I,6,927,7,2.719,10-Aug,
16c,07/06/17,1A,W,I,6,928,30,2.513,10-Aug,
16c,07/06/17,1A,W,I,6,929,27,2.478,10-Aug,
16c,07/06/17,1A,W,I,6,930,19,2.613,10-Aug,
25c,07/06/17,1A,S,I,6,931,1,2.468,10-Aug,
25c,07/06/17,1A,S,I,6,932,9,2.614,10-Aug,
25c,07/06/17,1A,S,I,6,933,0,3.081,10-Aug,
25c,07/06/17,1A,S,I,6,934,2,2.863,10-Aug,
25c,07/06/17,1A,S,I,6,935,1,2.807,10-Aug,
25c,07/06/17,1A,S,I,6,936,0,2.833,10-Aug,
25c,07/06/17,1A,S,I,6,937,0,2.693,10-Aug,
25c,07/06/17,1A,S,I,6,938,18,2.652,10-Aug,
25c,07/06/17,1A,S,I,6,939,0,2.849,10-Aug,
2c,07/06/17,1A,S,I,6,940,25,2.487,10-Aug,
2c,07/06/17,1A,S,I,6,941,66,2.821,10-Aug,
2c,07/06/17,1A,S,I,6,942,17,2.123,10-Aug,
2c,07/06/17,1A,S,I,6,943,29,2.386,10-Aug,
2c,07/06/17,1A,S,I,6,944,33,2.086,10-Aug,
2c,07/06/17,1A,S,I,6,945,15,2.595,10-Aug,
2c,07/06/17,1A,S,I,6,946,51,2.471,10-Aug,
2c,07/06/17,1A,S,I,6,947,3,2.411,10-Aug,
2c,07/06/17,1A,S,I,6,948,73,2.445,10-Aug,
8c,07/06/17,1A,S,I,6,949,63,2.617,10-Aug,
8c,07/06/17,1A,S,I,6,950,56,2.474,10-Aug,
8c,07/06/17,1A,S,I,6,951,7,2.714,10-Aug,
8c,07/06/17,1A,S,I,6,952,63,2.314,10-Aug,
8c,07/06/17,1A,S,I,6,953,7,2.168,10-Aug,
8c,07/06/17,1A,S,I,6,954,46,2.127,10-Aug,
8c,07/06/17,1A,S,I,6,955,76,2.658,10-Aug,
8c,07/06/17,1A,S,I,6,956,10,2.302,10-Aug,
8c,07/06/17,1A,S,I,6,957,5,1.992,10-Aug,
8c,07/06/17,1A,S,I,6,958,45,2.104,10-Aug,
21c,07/06/17,1A,W,I,6,959,68,2.623,10-Aug,
21c,07/06/17,1A,W,I,6,960,0,2.655,10-Aug,
21c,07/06/17,1A,W,I,6,961,1,2.566,10-Aug,
21c,07/06/17,1A,W,I,6,962,19,2.668,10-Aug,
21c,07/06/17,1A,W,I,6,963,90,2.575,10-Aug,
21c,07/06/17,1A,W,I,6,964,4,2.219,10-Aug,
21c,07/06/17,1A,W,I,6,965,26,2.666,10-Aug,
21c,07/06/17,1A,W,I,6,966,3,2.648,10-Aug,
21c,07/06/17,1A,W,I,6,967,37,2.538,10-Aug,SAMPLE SPILLED
21c,07/06/17,1A,W,I,6,968,48,2.301,10-Aug,
6c,07/07/17,1B,S,I,6,1007,109,2.894,11-Aug,
6c,07/07/17,1B,S,I,6,1008,61,1.931,11-Aug,
6c,07/07/17,1B,S,I,6,1009,50,2.372,11-Aug,
6c,07/07/17,1B,S,I,6,1010,16,2.121,11-Aug,
18c,07/07/17,1B,W,I,6,1018,8,2.835,11-Aug,
18c,07/07/17,1B,W,I,6,1019,1,2.786,11-Aug,
18c,07/07/17,1B,W,I,6,1020,12,2.547,11-Aug,
18c,07/07/17,1B,W,I,6,1021,9,2.747,11-Aug,
18c,07/07/17,1B,W,I,6,1022,114,2.435,11-Aug,
18c,07/07/17,1B,W,I,6,1023,58,2.868,11-Aug,
18c,07/07/17,1B,W,I,6,1024,76,2.768,11-Aug,
18c,07/07/17,1B,W,I,6,1025,154,2.629,11-Aug,
18c,07/07/17,1B,W,I,6,1026,45,2.791,11-Aug,
18c,07/07/17,1B,W,I,6,1027,30,2.505,11-Aug,
9c,07/07/17,1B,W,I,6,1028,2,2.289,11-Aug,
9c,07/07/17,1B,W,I,6,1029,12,2.815,11-Aug,
9c,07/07/17,1B,W,I,6,1030,14,2.634,11-Aug,
9c,07/07/17,1B,W,I,6,1031,13,2.659,11-Aug,
9c,07/07/17,1B,W,I,6,1032,40,2.815,11-Aug,
9c,07/07/17,1B,W,I,6,1033,9,2.714,11-Aug,
9c,07/07/17,1B,W,I,6,1034,2,2.741,11-Aug,
9c,07/07/17,1B,W,I,6,1035,36,2.112,11-Aug,
9c,07/07/17,1B,W,I,6,1036,12,2.641,11-Aug,
9c,07/07/17,1B,W,I,6,1037,22,2.869,11-Aug,
1c,07/07/17,1B,S,I,6,1038,34,2.613,11-Aug,
1c,07/07/17,1B,S,I,6,1039,0,2.55,11-Aug,
1c,07/07/17,1B,S,I,6,1040,13,2.082,11-Aug,
1c,07/07/17,1B,S,I,6,1041,5,2.305,11-Aug,
1c,07/07/17,1B,S,I,6,1042,27,2.246,11-Aug,
1c,07/07/17,1B,S,I,6,1043,0,2.368,11-Aug,
1c,07/07/17,1B,S,I,6,1044,25,2.562,11-Aug,
1c,07/07/17,1B,S,I,6,1045,18,2.357,11-Aug,
1c,07/07/17,1B,S,I,6,1046,14,2.553,11-Aug,
1c,07/07/17,1B,S,I,6,1047,1,2.521,11-Aug,
14c,07/07/17,1B,W,I,6,1048,64,2.571,11-Aug,
14c,07/07/17,1B,W,I,6,1049,43,2.605,11-Aug,
14c,07/07/17,1B,W,I,6,1050,31,2.761,11-Aug,
14c,07/07/17,1B,W,I,6,1051,25,2.817,11-Aug,
14c,07/07/17,1B,W,I,6,1052,94,2.594,11-Aug,
14c,07/07/17,1B,W,I,6,1053,15,2.487,11-Aug,
14c,07/07/17,1B,W,I,6,1054,27,2.427,11-Aug,
14c,07/07/17,1B,W,I,6,1055,45,2.781,11-Aug,
14c,07/07/17,1B,W,I,6,1056,46,2.499,11-Aug,
14c,07/07/17,1B,W,I,6,1057,78,2.785,11-Aug,
43c,07/18/17,2A,W,I,5,1058,43,2.265,15-Aug,
43c,07/18/17,2A,W,I,5,1059,0,2.546,15-Aug,
43c,07/18/17,2A,W,I,5,1060,37,2.644,15-Aug,
43c,07/18/17,2A,W,I,5,1061,137,2.449,15-Aug,
43c,07/18/17,2A,W,I,5,1062,20,2.303,15-Aug,
43c,07/18/17,2A,W,I,5,1063,40,2.078,15-Aug,
43c,07/18/17,2A,W,I,5,1064,15,2.191,15-Aug,
28c,07/18/17,2A,W,I,5,1065,3,2.226,15-Aug,
28c,07/18/17,2A,W,I,5,1066,18,2.499,15-Aug,
28c,07/18/17,2A,W,I,5,1067,0,2.436,15-Aug,
28c,07/18/17,2A,W,I,5,1068,27,2.751,15-Aug,
28c,07/18/17,2A,W,I,5,1069,87,2.827,15-Aug,
28c,07/18/17,2A,W,I,5,1070,32,2.639,15-Aug,
28c,07/18/17,2A,W,I,5,1071,15,2.241,15-Aug,
28c,07/18/17,2A,W,I,5,1072,44,2.342,15-Aug,
28c,07/18/17,2A,W,I,5,1073,21,2.238,15-Aug,
28c,07/18/17,2A,W,I,5,1074,37,2.582,15-Aug,
32c,07/18/17,2A,S,I,5,1075,0,2.889,15-Aug,
32c,07/18/17,2A,S,I,5,1076,0,2.656,15-Aug,
32c,07/18/17,2A,S,I,5,1077,1,3.143,15-Aug,
32c,07/18/17,2A,S,I,5,1078,0,2.305,15-Aug,
32c,07/18/17,2A,S,I,5,1079,0,2.842,15-Aug,
32c,07/18/17,2A,S,I,5,1080,0,2.635,15-Aug,
32c,07/18/17,2A,S,I,5,1081,0,2.707,15-Aug,
32c,07/18/17,2A,S,I,5,1082,0,2.581,15-Aug,
32c,07/18/17,2A,S,I,5,1083,0,2.606,15-Aug,
32c,07/18/17,2A,S,I,5,1084,0,2.403,15-Aug,
30c,07/18/17,2A,S,I,5,1085,51,2.292,15-Aug,
30c,07/18/17,2A,S,I,5,1086,13,2.297,15-Aug,
30c,07/18/17,2A,S,I,5,1087,40,2.729,15-Aug,
30c,07/18/17,2A,S,I,5,1088,89,2.502,15-Aug,
30c,07/18/17,2A,S,I,5,1089,12,2.541,15-Aug,
30c,07/18/17,2A,S,I,5,1090,31,2.472,15-Aug,
30c,07/18/17,2A,S,I,5,1091,0,2.458,15-Aug,
30c,07/18/17,2A,S,I,5,1092,83,2.243,15-Aug,
30c,07/18/17,2A,S,I,5,1093,63,2.62,15-Aug,
30c,07/18/17,2A,S,I,5,1094,56,2.45,15-Aug,
42c,07/18/17,2A,S,I,5,1095,24,2.573,15-Aug,
42c,07/18/17,2A,S,I,5,1096,14,2.592,15-Aug,
42c,07/18/17,2A,S,I,5,1097,2,2.701,15-Aug,
42c,07/18/17,2A,S,I,5,1098,301,2.462,15-Aug,
42c,07/18/17,2A,S,I,5,1099,141,2.512,15-Aug,
42c,07/18/17,2A,S,I,5,1100,42,2.451,15-Aug,
42c,07/18/17,2A,S,I,5,1101,7,2.401,15-Aug,
42c,07/18/17,2A,S,I,5,1102,11,2.737,15-Aug,
42c,07/18/17,2A,S,I,5,1103,1,2.379,15-Aug,
42c,07/18/17,2A,S,I,5,1104,5,2.645,15-Aug,
45c,07/19/17,2B,S,I,5,1152,35,2.543,16-Aug,
45c,07/19/17,2B,S,I,5,1153,17,2.606,16-Aug,
45c,07/19/17,2B,S,I,5,1154,5,2.654,16-Aug,
45c,07/19/17,2B,S,I,5,1155,0,2.648,16-Aug,
45c,07/19/17,2B,S,I,5,1156,0,2.677,16-Aug,
45c,07/19/17,2B,S,I,5,1157,24,2.489,16-Aug,
45c,07/19/17,2B,S,I,5,1158,14,2.265,16-Aug,
45c,07/19/17,2B,S,I,5,1159,10,2.778,16-Aug,
45c,07/19/17,2B,S,I,5,1160,11,2.811,16-Aug,
45c,07/19/17,2B,S,I,5,1161,4,2.751,16-Aug,
33c,07/19/17,2B,W,I,5,1162,88,2.912,16-Aug,
33c,07/19/17,2B,W,I,5,1163,75,2.606,16-Aug,
33c,07/19/17,2B,W,I,5,1164,189,2.617,16-Aug,
33c,07/19/17,2B,W,I,5,1165,71,2.251,16-Aug,
33c,07/19/17,2B,W,I,5,1166,82,2.366,16-Aug,
33c,07/19/17,2B,W,I,5,1167,56,2.608,16-Aug,
33c,07/19/17,2B,W,I,5,1168,46,2.353,16-Aug,
33c,07/19/17,2B,W,I,5,1169,152,2.788,16-Aug,
33c,07/19/17,2B,W,I,5,1170,78,2.656,16-Aug,
33c,07/19/17,2B,W,I,5,1171,11,2.238,16-Aug,
29c,07/19/17,2B,W,I,5,1172,0,2.312,16-Aug,
29c,07/19/17,2B,W,I,5,1173,0,2.483,16-Aug,
29c,07/19/17,2B,W,I,5,1174,17,2.574,16-Aug,
29c,07/19/17,2B,W,I,5,1175,56,2.701,16-Aug,
29c,07/19/17,2B,W,I,5,1176,1,2.546,16-Aug,
29c,07/19/17,2B,W,I,5,1177,47,2.763,16-Aug,
29c,07/19/17,2B,W,I,5,1178,13,2.415,16-Aug,
29c,07/19/17,2B,W,I,5,1179,5,2.607,16-Aug,
29c,07/19/17,2B,W,I,5,1180,64,2.379,16-Aug,
29c,07/19/17,2B,W,I,5,1181,2,2.144,16-Aug,
47c,07/19/17,2B,W,I,5,1182,41,2.67,16-Aug,
47c,07/19/17,2B,W,I,5,1183,0,2.706,16-Aug,CALLOW
47c,07/19/17,2B,W,I,5,1184,59,2.186,16-Aug,
47c,07/19/17,2B,W,I,5,1185,56,1.835,16-Aug,
47c,07/19/17,2B,W,I,5,1186,25,2.448,16-Aug,
47c,07/19/17,2B,W,I,5,1187,16,2.232,16-Aug,
47c,07/19/17,2B,W,I,5,1188,2,2.823,16-Aug,
47c,07/19/17,2B,W,I,5,1189,21,2.486,16-Aug,
47c,07/19/17,2B,W,I,5,1190,55,3.098,16-Aug,
47c,07/19/17,2B,W,I,5,1191,42,2.279,16-Aug,
40c,07/19/17,2B,W,I,5,1192,133,2.703,16-Aug,
40c,07/19/17,2B,W,I,5,1193,2,2.766,16-Aug,
40c,07/19/17,2B,W,I,5,1194,47,2.711,16-Aug,
40c,07/19/17,2B,W,I,5,1195,84,2.849,16-Aug,
40c,07/19/17,2B,W,I,5,1196,67,2.673,16-Aug,
40c,07/19/17,2B,W,I,5,1197,2,2.571,16-Aug,
40c,07/19/17,2B,W,I,5,1198,119,2.747,16-Aug,
16c,07/06/17,1A,W,I,7,1243,70,2.836,17-Aug,
16c,07/06/17,1A,W,I,7,1244,51,2.517,17-Aug,
16c,07/06/17,1A,W,I,7,1245,18,2.645,17-Aug,
16c,07/06/17,1A,W,I,7,1246,26,2.029,17-Aug,
16c,07/06/17,1A,W,I,7,1247,64,2.565,17-Aug,
16c,07/06/17,1A,W,I,7,1248,19,2.787,17-Aug,
16c,07/06/17,1A,W,I,7,1249,61,2.688,17-Aug,
16c,07/06/17,1A,W,I,7,1250,172,2.895,17-Aug,
16c,07/06/17,1A,W,I,7,1251,38,2.312,17-Aug,giant crithidia?
16c,07/06/17,1A,W,I,7,1252,80,2.707,17-Aug,
25c,07/06/17,1A,S,I,7,1253,0,2.486,17-Aug,
25c,07/06/17,1A,S,I,7,1254,4,2.942,17-Aug,
25c,07/06/17,1A,S,I,7,1255,0,2.836,17-Aug,
25c,07/06/17,1A,S,I,7,1256,0,2.755,17-Aug,
25c,07/06/17,1A,S,I,7,1257,77,2.567,17-Aug,
25c,07/06/17,1A,S,I,7,1258,0,2.586,17-Aug,
25c,07/06/17,1A,S,I,7,1259,20,2.71,17-Aug,
25c,07/06/17,1A,S,I,7,1260,0,2.745,17-Aug,
25c,07/06/17,1A,S,I,7,1261,0,2.646,17-Aug,
25c,07/06/17,1A,S,I,7,1262,1,2.82,17-Aug,
21c,07/06/17,1A,W,I,7,1263,1,2.396,17-Aug,
21c,07/06/17,1A,W,I,7,1264,64,2.12,17-Aug,
21c,07/06/17,1A,W,I,7,1265,0,2.329,17-Aug,
21c,07/06/17,1A,W,I,7,1266,14,2.29,17-Aug,
21c,07/06/17,1A,W,I,7,1267,1,2.864,17-Aug,
21c,07/06/17,1A,W,I,7,1268,5,2.918,17-Aug,
21c,07/06/17,1A,W,I,7,1269,0,2.392,17-Aug,
21c,07/06/17,1A,W,I,7,1270,5,2.801,17-Aug,
21c,07/06/17,1A,W,I,7,1271,0,2.977,17-Aug,
21c,07/06/17,1A,W,I,7,1272,22,2.362,17-Aug,
2c,07/06/17,1A,S,I,7,1273,47,2.616,17-Aug,
2c,07/06/17,1A,S,I,7,1274,60,2.773,17-Aug,
2c,07/06/17,1A,S,I,7,1275,10,2.627,17-Aug,
2c,07/06/17,1A,S,I,7,1276,1,2.295,17-Aug,
2c,07/06/17,1A,S,I,7,1277,0,2.407,17-Aug,
2c,07/06/17,1A,S,I,7,1278,1,2.456,17-Aug,
2c,07/06/17,1A,S,I,7,1279,11,2.433,17-Aug,
2c,07/06/17,1A,S,I,7,1280,68,2.682,17-Aug,
2c,07/06/17,1A,S,I,7,1281,362,2.521,17-Aug,
2c,07/06/17,1A,S,I,7,1282,31,2.589,17-Aug,
8c,07/06/17,1A,S,I,7,1283,4,2.168,17-Aug,
8c,07/06/17,1A,S,I,7,1284,7,2.635,17-Aug,
8c,07/06/17,1A,S,I,7,1285,0,1.908,17-Aug,
8c,07/06/17,1A,S,I,7,1286,11,2.198,17-Aug,
8c,07/06/17,1A,S,I,7,1287,1,2.289,17-Aug,
8c,07/06/17,1A,S,I,7,1288,13,2.318,17-Aug,
8c,07/06/17,1A,S,I,7,1289,0,2.322,17-Aug,
8c,07/06/17,1A,S,I,7,1290,1,2.843,17-Aug,
8c,07/06/17,1A,S,I,7,1291,24,2.352,17-Aug,
8c,07/06/17,1A,S,I,7,1292,35,2.694,17-Aug,
6c,07/07/17,1B,S,I,7,1343,39,2.44,18-Aug,
6c,07/07/17,1B,S,I,7,1344,30,2.082,18-Aug,
6c,07/07/17,1B,S,I,7,1345,127,2.295,18-Aug,
14c,07/07/17,1B,W,I,7,1346,74,2.643,18-Aug,
14c,07/07/17,1B,W,I,7,1347,99,2.27,18-Aug,
14c,07/07/17,1B,W,I,7,1348,0,2.522,18-Aug,
14c,07/07/17,1B,W,I,7,1349,32,2.387,18-Aug,
14c,07/07/17,1B,W,I,7,1350,80,2.122,18-Aug,
14c,07/07/17,1B,W,I,7,1351,18,2.26,18-Aug,
14c,07/07/17,1B,W,I,7,1352,84,2.848,18-Aug,
14c,07/07/17,1B,W,I,7,1353,40,2.032,18-Aug,
14c,07/07/17,1B,W,I,7,1354,22,2.413,18-Aug,
9c,07/07/17,1B,W,I,7,1355,34,2.298,18-Aug,
9c,07/07/17,1B,W,I,7,1356,11,2.834,18-Aug,
9c,07/07/17,1B,W,I,7,1357,12,2.828,18-Aug,
9c,07/07/17,1B,W,I,7,1358,50,2.885,18-Aug,
9c,07/07/17,1B,W,I,7,1359,15,2.598,18-Aug,
9c,07/07/17,1B,W,I,7,1360,65,2.834,18-Aug,
9c,07/07/17,1B,W,I,7,1361,32,2.66,18-Aug,
9c,07/07/17,1B,W,I,7,1362,43,2.674,18-Aug,
9c,07/07/17,1B,W,I,7,1363,60,2.823,18-Aug,
9c,07/07/17,1B,W,I,7,1364,20,2.735,18-Aug,
1c,07/07/17,1B,S,I,7,1365,25,2.478,18-Aug,
1c,07/07/17,1B,S,I,7,1366,5,2.373,18-Aug,
1c,07/07/17,1B,S,I,7,1367,7,2.391,18-Aug,
1c,07/07/17,1B,S,I,7,1368,21,2.339,18-Aug,
1c,07/07/17,1B,S,I,7,1369,0,2.566,18-Aug,
1c,07/07/17,1B,S,I,7,1370,2,2.221,18-Aug,
1c,07/07/17,1B,S,I,7,1371,0,2.112,18-Aug,
1c,07/07/17,1B,S,I,7,1372,36,2.508,18-Aug,
1c,07/07/17,1B,S,I,7,1373,24,2.149,18-Aug,
1c,07/07/17,1B,S,I,7,1374,30,2.633,18-Aug,
18c,07/07/17,1B,W,I,7,1375,98,2.03,18-Aug,
18c,07/07/17,1B,W,I,7,1376,118,2.301,18-Aug,
18c,07/07/17,1B,W,I,7,1377,20,2.706,18-Aug,
18c,07/07/17,1B,W,I,7,1378,1,2.446,18-Aug,
18c,07/07/17,1B,W,I,7,1379,83,2.576,18-Aug,
18c,07/07/17,1B,W,I,7,1380,38,2.236,18-Aug,
18c,07/07/17,1B,W,I,7,1381,0,2.661,18-Aug,
18c,07/07/17,1B,W,I,7,1382,26,2.735,18-Aug,
18c,07/07/17,1B,W,I,7,1383,34,2.813,18-Aug,
18c,07/07/17,1B,W,I,7,1384,0,2.617,18-Aug,
42c,07/18/17,2A,S,I,6,1430,100,2.526,22-Aug,
42c,07/18/17,2A,S,I,6,1431,37,2.265,22-Aug,
42c,07/18/17,2A,S,I,6,1432,1,2.36,22-Aug,
42c,07/18/17,2A,S,I,6,1433,28,2.543,22-Aug,
42c,07/18/17,2A,S,I,6,1434,6,2.573,22-Aug,
42c,07/18/17,2A,S,I,6,1435,3,2.245,22-Aug,
42c,07/18/17,2A,S,I,6,1436,7,2.256,22-Aug,
42c,07/18/17,2A,S,I,6,1437,2,3.128,22-Aug,
42c,07/18/17,2A,S,I,6,1438,24,2.714,22-Aug,
42c,07/18/17,2A,S,I,6,1439,1,2.005,22-Aug,
43c,07/18/17,2A,W,I,6,1440,5,2.76,22-Aug,
43c,07/18/17,2A,W,I,6,1441,92,2.435,22-Aug,
43c,07/18/17,2A,W,I,6,1442,31,2.714,22-Aug,
43c,07/18/17,2A,W,I,6,1443,26,2.736,22-Aug,
43c,07/18/17,2A,W,I,6,1444,5,2.419,22-Aug,
43c,07/18/17,2A,W,I,6,1445,1,2.834,22-Aug,
43c,07/18/17,2A,W,I,6,1446,21,2.636,22-Aug,
43c,07/18/17,2A,W,I,6,1447,27,2.786,22-Aug,
43c,07/18/17,2A,W,I,6,1448,5,2.748,22-Aug,
43c,07/18/17,2A,W,I,6,1449,5,2.656,22-Aug,
30c,07/18/17,2A,S,I,6,1450,26,2.676,22-Aug,
30c,07/18/17,2A,S,I,6,1451,176,2.555,22-Aug,
30c,07/18/17,2A,S,I,6,1452,21,2.465,22-Aug,
30c,07/18/17,2A,S,I,6,1453,62,2.256,22-Aug,
30c,07/18/17,2A,S,I,6,1454,15,2.561,22-Aug,
30c,07/18/17,2A,S,I,6,1455,55,2.277,22-Aug,
30c,07/18/17,2A,S,I,6,1456,43,2.582,22-Aug,
30c,07/18/17,2A,S,I,6,1457,32,2.669,22-Aug,
30c,07/18/17,2A,S,I,6,1458,37,2.674,22-Aug,
30c,07/18/17,2A,S,I,6,1459,13,2.399,22-Aug,
32c,07/18/17,2A,S,I,6,1460,0,2.527,22-Aug,
32c,07/18/17,2A,S,I,6,1461,126,2.331,22-Aug,
32c,07/18/17,2A,S,I,6,1462,0,2.257,22-Aug,
32c,07/18/17,2A,S,I,6,1463,0,2.647,22-Aug,
32c,07/18/17,2A,S,I,6,1464,0,2.549,22-Aug,
32c,07/18/17,2A,S,I,6,1465,2,2.565,22-Aug,
32c,07/18/17,2A,S,I,6,1466,62,2.142,22-Aug,
32c,07/18/17,2A,S,I,6,1467,6,2.139,22-Aug,
32c,07/18/17,2A,S,I,6,1468,0,2.377,22-Aug,
32c,07/18/17,2A,S,I,6,1469,0,2.642,22-Aug,
28c,07/18/17,2A,W,I,6,1470,40,2.424,22-Aug,
28c,07/18/17,2A,W,I,6,1471,25,2.353,22-Aug,
28c,07/18/17,2A,W,I,6,1472,1,2.325,22-Aug,
28c,07/18/17,2A,W,I,6,1473,6,2.402,22-Aug,
28c,07/18/17,2A,W,I,6,1474,4,2.496,22-Aug,
28c,07/18/17,2A,W,I,6,1475,5,2.608,22-Aug,
28c,07/18/17,2A,W,I,6,1476,42,2.771,22-Aug,
28c,07/18/17,2A,W,I,6,1477,18,2.033,22-Aug,
28c,07/18/17,2A,W,I,6,1478,1,2.142,22-Aug,OUTSIDE GRID
28c,07/18/17,2A,W,I,6,1479,13,2.003,22-Aug,
40c,07/19/17,2B,W,I,6,1530,217,2.687,23-Aug,
40c,07/19/17,2B,W,I,6,1531,86,2.517,23-Aug,
40c,07/19/17,2B,W,I,6,1532,0,2.864,23-Aug,CALLOW
40c,07/19/17,2B,W,I,6,1533,63,2.541,23-Aug,
40c,07/19/17,2B,W,I,6,1534,164,2.781,23-Aug,
40c,07/19/17,2B,W,I,6,1535,153,2.884,23-Aug,
40c,07/19/17,2B,W,I,6,1536,65,2.933,23-Aug,
45c,07/19/17,2B,S,I,6,1537,1,2.49,23-Aug,
45c,07/19/17,2B,S,I,6,1538,15,2.73,23-Aug,
45c,07/19/17,2B,S,I,6,1539,30,2.498,23-Aug,
45c,07/19/17,2B,S,I,6,1540,1,2.406,23-Aug,
45c,07/19/17,2B,S,I,6,1541,0,2.256,23-Aug,
45c,07/19/17,2B,S,I,6,1542,1,2.618,23-Aug,
45c,07/19/17,2B,S,I,6,1543,1,2.426,23-Aug,
45c,07/19/17,2B,S,I,6,1544,9,2.718,23-Aug,
45c,07/19/17,2B,S,I,6,1545,29,2.464,23-Aug,
33c,07/19/17,2B,W,I,6,1546,26,2.193,23-Aug,
33c,07/19/17,2B,W,I,6,1547,93,2.707,23-Aug,
33c,07/19/17,2B,W,I,6,1548,73,2.363,23-Aug,
33c,07/19/17,2B,W,I,6,1549,60,2.607,23-Aug,
33c,07/19/17,2B,W,I,6,1550,8,2.772,23-Aug,
33c,07/19/17,2B,W,I,6,1551,152,2.422,23-Aug,
33c,07/19/17,2B,W,I,6,1552,189,2.976,23-Aug,
33c,07/19/17,2B,W,I,6,1553,7,2.792,23-Aug,
33c,07/19/17,2B,W,I,6,1554,72,3.181,23-Aug,
33c,07/19/17,2B,W,I,6,1555,49,2.431,23-Aug,
29c,07/19/17,2B,W,I,6,1556,0,2.271,23-Aug,
29c,07/19/17,2B,W,I,6,1557,32,2.201,23-Aug,
29c,07/19/17,2B,W,I,6,1558,28,2.404,23-Aug,
29c,07/19/17,2B,W,I,6,1559,23,2.394,23-Aug,
29c,07/19/17,2B,W,I,6,1560,46,2.489,23-Aug,
29c,07/19/17,2B,W,I,6,1561,1,2.358,23-Aug,CALLOW
29c,07/19/17,2B,W,I,6,1562,35,2.411,23-Aug,
29c,07/19/17,2B,W,I,6,1563,22,2.762,23-Aug,
29c,07/19/17,2B,W,I,6,1564,24,2.594,23-Aug,
29c,07/19/17,2B,W,I,6,1565,0,2.586,23-Aug,
47c,07/19/17,2B,W,I,6,1566,70,2.732,23-Aug,
47c,07/19/17,2B,W,I,6,1567,16,1.962,23-Aug,
47c,07/19/17,2B,W,I,6,1568,6,2.339,23-Aug,
47c,07/19/17,2B,W,I,6,1569,0,2.174,23-Aug,
47c,07/19/17,2B,W,I,6,1570,59,2.449,23-Aug,
47c,07/19/17,2B,W,I,6,1571,177,2.596,23-Aug,
47c,07/19/17,2B,W,I,6,1572,50,2.937,23-Aug,
47c,07/19/17,2B,W,I,6,1573,4,2.401,23-Aug,
47c,07/19/17,2B,W,I,6,1574,0,2.254,23-Aug,
21c,07/06/17,1A,W,I,8,1622,0,2.575,24-Aug,
21c,07/06/17,1A,W,I,8,1623,0,2.579,24-Aug,
21c,07/06/17,1A,W,I,8,1624,21,2.236,24-Aug,
21c,07/06/17,1A,W,I,8,1625,0,2.694,24-Aug,
21c,07/06/17,1A,W,I,8,1626,1,2.721,24-Aug,
21c,07/06/17,1A,W,I,8,1627,4,2.499,24-Aug,
21c,07/06/17,1A,W,I,8,1628,0,2.676,24-Aug,
21c,07/06/17,1A,W,I,8,1629,49,2.713,24-Aug,
21c,07/06/17,1A,W,I,8,1630,0,2.456,24-Aug,
21c,07/06/17,1A,W,I,8,1631,0,2.754,24-Aug,
16c,07/06/17,1A,W,I,8,1632,62,2.98,24-Aug,
16c,07/06/17,1A,W,I,8,1633,21,2.607,24-Aug,
16c,07/06/17,1A,W,I,8,1634,40,2.809,24-Aug,
16c,07/06/17,1A,W,I,8,1635,47,2.796,24-Aug,
16c,07/06/17,1A,W,I,8,1636,105,2.55,24-Aug,
16c,07/06/17,1A,W,I,8,1637,27,2.48,24-Aug,
16c,07/06/17,1A,W,I,8,1638,139,2.909,24-Aug,
16c,07/06/17,1A,W,I,8,1639,2,2.406,24-Aug,
16c,07/06/17,1A,W,I,8,1640,75,2.147,24-Aug,
16c,07/06/17,1A,W,I,8,1641,38,2.538,24-Aug,
2c,07/06/17,1A,S,I,8,1642,1,2.755,24-Aug,
2c,07/06/17,1A,S,I,8,1643,28,2.438,24-Aug,
2c,07/06/17,1A,S,I,8,1644,45,1.967,24-Aug,
2c,07/06/17,1A,S,I,8,1645,24,2.115,24-Aug,
2c,07/06/17,1A,S,I,8,1646,32,2.434,24-Aug,
2c,07/06/17,1A,S,I,8,1647,21,2.731,24-Aug,
8c,07/06/17,1A,S,I,8,1648,17,2.099,24-Aug,
8c,07/06/17,1A,S,I,8,1649,34,2.499,24-Aug,
8c,07/06/17,1A,S,I,8,1650,14,2.285,24-Aug,
8c,07/06/17,1A,S,I,8,1651,24,2.654,24-Aug,
8c,07/06/17,1A,S,I,8,1652,5,2.223,24-Aug,
8c,07/06/17,1A,S,I,8,1653,22,2.021,24-Aug,
8c,07/06/17,1A,S,I,8,1654,25,1.96,24-Aug,
8c,07/06/17,1A,S,I,8,1655,19,2.566,24-Aug,
8c,07/06/17,1A,S,I,8,1656,5,1.9,24-Aug,
8c,07/06/17,1A,S,I,8,1657,5,2.518,24-Aug,
25c,07/06/17,1A,S,I,8,1658,0,2.861,24-Aug,
25c,07/06/17,1A,S,I,8,1659,0,2.403,24-Aug,
25c,07/06/17,1A,S,I,8,1660,64,2.584,24-Aug,
25c,07/06/17,1A,S,I,8,1661,4,2.804,24-Aug,
25c,07/06/17,1A,S,I,8,1662,0,2.699,24-Aug,
25c,07/06/17,1A,S,I,8,1663,1,2.353,24-Aug,
25c,07/06/17,1A,S,I,8,1664,5,2.545,24-Aug,
25c,07/06/17,1A,S,I,8,1665,30,2.304,24-Aug,
6c,07/07/17,1B,S,I,8,1716,41,2.653,25-Aug,
6c,07/07/17,1B,S,I,8,1717,24,2.484,25-Aug,
6c,07/07/17,1B,S,I,8,1718,88,2.346,25-Aug,
1c,07/07/17,1B,S,I,8,1719,7,2.75,25-Aug,
1c,07/07/17,1B,S,I,8,1720,2,2.235,25-Aug,
1c,07/07/17,1B,S,I,8,1721,0,2.7,25-Aug,
1c,07/07/17,1B,S,I,8,1722,16,2.597,25-Aug,
1c,07/07/17,1B,S,I,8,1723,0,2.045,25-Aug,
1c,07/07/17,1B,S,I,8,1724,7,2.461,25-Aug,
1c,07/07/17,1B,S,I,8,1725,3,2.7,25-Aug,
1c,07/07/17,1B,S,I,8,1726,8,2.533,25-Aug,
1c,07/07/17,1B,S,I,8,1727,20,2.649,25-Aug,
1c,07/07/17,1B,S,I,8,1728,0,2.967,25-Aug,
14c,07/07/17,1B,W,I,8,1729,99,2.731,25-Aug,
14c,07/07/17,1B,W,I,8,1730,88,2.027,25-Aug,
14c,07/07/17,1B,W,I,8,1731,120,2.11,25-Aug,
14c,07/07/17,1B,W,I,8,1732,73,2.271,25-Aug,
14c,07/07/17,1B,W,I,8,1733,43,2.254,25-Aug,
14c,07/07/17,1B,W,I,8,1734,0,2.257,25-Aug,
14c,07/07/17,1B,W,I,8,1735,90,2.133,25-Aug,
14c,07/07/17,1B,W,I,8,1736,0,2.234,25-Aug,
14c,07/07/17,1B,W,I,8,1737,0,2.241,25-Aug,
14c,07/07/17,1B,W,I,8,1738,0,2.228,25-Aug,
18c,07/07/17,1B,W,I,8,1739,137,2.138,25-Aug,
18c,07/07/17,1B,W,I,8,1740,66,2.694,25-Aug,
18c,07/07/17,1B,W,I,8,1741,54,2.431,25-Aug,
18c,07/07/17,1B,W,I,8,1742,71,2.556,25-Aug,
18c,07/07/17,1B,W,I,8,1743,10,2.498,25-Aug,
18c,07/07/17,1B,W,I,8,1744,1,2.232,25-Aug,
18c,07/07/17,1B,W,I,8,1745,60,2.335,25-Aug,
18c,07/07/17,1B,W,I,8,1746,80,2.709,25-Aug,
18c,07/07/17,1B,W,I,8,1747,61,2.279,25-Aug,
18c,07/07/17,1B,W,I,8,1748,48,2.862,25-Aug,
9c,07/07/17,1B,W,I,8,1749,22,2.39,25-Aug,
9c,07/07/17,1B,W,I,8,1750,19,2.721,25-Aug,
9c,07/07/17,1B,W,I,8,1751,21,2.134,25-Aug,
9c,07/07/17,1B,W,I,8,1752,74,2.399,25-Aug,
9c,07/07/17,1B,W,I,8,1753,25,2.747,25-Aug,
9c,07/07/17,1B,W,I,8,1754,64,2.259,25-Aug,
9c,07/07/17,1B,W,I,8,1755,109,3.023,25-Aug,
9c,07/07/17,1B,W,I,8,1756,9,2.555,25-Aug,
9c,07/07/17,1B,W,I,8,1757,40,2.473,25-Aug,
9c,07/07/17,1B,W,I,8,1758,13,2.419,25-Aug,
42c,07/18/17,2A,S,I,7,1804,44,2.481,29-Aug,
42c,07/18/17,2A,S,I,7,1805,0,2.06,29-Aug,
42c,07/18/17,2A,S,I,7,1806,0,2.914,29-Aug,
42c,07/18/17,2A,S,I,7,1807,0,2.538,29-Aug,
42c,07/18/17,2A,S,I,7,1808,9,2.594,29-Aug,
42c,07/18/17,2A,S,I,7,1809,114,2.599,29-Aug,
42c,07/18/17,2A,S,I,7,1810,20,3.068,29-Aug,
42c,07/18/17,2A,S,I,7,1811,56,2.496,29-Aug,
42c,07/18/17,2A,S,I,7,1812,16,2.491,29-Aug,
28c,07/18/17,2A,W,I,7,1813,199,2.764,29-Aug,
28c,07/18/17,2A,W,I,7,1814,19,2.425,29-Aug,
28c,07/18/17,2A,W,I,7,1815,24,2.345,29-Aug,
28c,07/18/17,2A,W,I,7,1816,48,2.628,29-Aug,
28c,07/18/17,2A,W,I,7,1817,7,3.183,29-Aug,CALLOW
28c,07/18/17,2A,W,I,7,1818,36,2.613,29-Aug,
28c,07/18/17,2A,W,I,7,1819,41,2.37,29-Aug,
28c,07/18/17,2A,W,I,7,1820,15,2.533,29-Aug,
28c,07/18/17,2A,W,I,7,1821,9,2.618,29-Aug,
32c,07/18/17,2A,S,I,7,1822,0,2.369,29-Aug,
32c,07/18/17,2A,S,I,7,1823,0,2.649,29-Aug,
32c,07/18/17,2A,S,I,7,1824,36,2.474,29-Aug,
32c,07/18/17,2A,S,I,7,1825,2,2.623,29-Aug,
32c,07/18/17,2A,S,I,7,1826,18,2.69,29-Aug,
32c,07/18/17,2A,S,I,7,1827,0,2.252,29-Aug,
32c,07/18/17,2A,S,I,7,1828,14,2.265,29-Aug,
32c,07/18/17,2A,S,I,7,1829,7,2.5,29-Aug,
32c,07/18/17,2A,S,I,7,1830,9,2.7,29-Aug,
32c,07/18/17,2A,S,I,7,1831,0,2.694,29-Aug,
30c,07/18/17,2A,S,I,7,1832,28,2.433,29-Aug,
30c,07/18/17,2A,S,I,7,1833,9,2.546,29-Aug,
30c,07/18/17,2A,S,I,7,1834,15,2.044,29-Aug,
30c,07/18/17,2A,S,I,7,1835,46,2.351,29-Aug,
30c,07/18/17,2A,S,I,7,1836,29,2.423,29-Aug,
30c,07/18/17,2A,S,I,7,1837,60,2.269,29-Aug,
30c,07/18/17,2A,S,I,7,1838,17,2.255,29-Aug,
43c,07/18/17,2A,W,I,7,1839,94,2.455,29-Aug,
43c,07/18/17,2A,W,I,7,1840,58,2.318,29-Aug,
43c,07/18/17,2A,W,I,7,1841,105,2.098,29-Aug,
43c,07/18/17,2A,W,I,7,1842,44,2.439,29-Aug,
43c,07/18/17,2A,W,I,7,1843,102,2.661,29-Aug,
43c,07/18/17,2A,W,I,7,1844,8,2.714,29-Aug,
43c,07/18/17,2A,W,I,7,1845,2,2.407,29-Aug,
43c,07/18/17,2A,W,I,7,1846,99,2.53,29-Aug,
43c,07/18/17,2A,W,I,7,1847,6,2.308,29-Aug,
43c,07/18/17,2A,W,I,7,1848,30,2.446,29-Aug,
29c,07/19/17,2B,W,I,7,1893,1,2.297,30-Aug,
29c,07/19/17,2B,W,I,7,1894,2,2.458,30-Aug,
29c,07/19/17,2B,W,I,7,1895,2,2.302,30-Aug,
29c,07/19/17,2B,W,I,7,1896,55,2.041,30-Aug,
29c,07/19/17,2B,W,I,7,1897,0,2.413,30-Aug,CALLOW
29c,07/19/17,2B,W,I,7,1898,54,2.592,30-Aug,
29c,07/19/17,2B,W,I,7,1899,48,2.522,30-Aug,
29c,07/19/17,2B,W,I,7,1900,54,2.787,30-Aug,
29c,07/19/17,2B,W,I,7,1901,8,2.485,30-Aug,
29c,07/19/17,2B,W,I,7,1902,18,2.345,30-Aug,
33c,07/19/17,2B,W,I,7,1903,21,2.747,30-Aug,
33c,07/19/17,2B,W,I,7,1904,0,2.956,30-Aug,CALLOW
33c,07/19/17,2B,W,I,7,1905,86,2.79,30-Aug,
33c,07/19/17,2B,W,I,7,1906,143,2.627,30-Aug,
33c,07/19/17,2B,W,I,7,1907,70,2.709,30-Aug,
33c,07/19/17,2B,W,I,7,1908,1,2.919,30-Aug,CALLOW
33c,07/19/17,2B,W,I,7,1909,1,2.714,30-Aug,
33c,07/19/17,2B,W,I,7,1910,13,2.659,30-Aug,
33c,07/19/17,2B,W,I,7,1911,34,2.472,30-Aug,
33c,07/19/17,2B,W,I,7,1912,7,2.425,30-Aug,
40c,07/19/17,2B,W,I,7,1913,40,2.806,30-Aug,
40c,07/19/17,2B,W,I,7,1914,306,2.828,30-Aug,
40c,07/19/17,2B,W,I,7,1915,20,2.372,30-Aug,
40c,07/19/17,2B,W,I,7,1916,103,2.513,30-Aug,
40c,07/19/17,2B,W,I,7,1917,317,2.928,30-Aug,
40c,07/19/17,2B,W,I,7,1918,178,2.546,30-Aug,
45c,07/19/17,2B,S,I,7,1919,4,2.418,30-Aug,
45c,07/19/17,2B,S,I,7,1920,6,2.372,30-Aug,
45c,07/19/17,2B,S,I,7,1921,1,2.194,30-Aug,
45c,07/19/17,2B,S,I,7,1922,9,2.553,30-Aug,
45c,07/19/17,2B,S,I,7,1923,57,2.074,30-Aug,
45c,07/19/17,2B,S,I,7,1924,26,2.092,30-Aug,
45c,07/19/17,2B,S,I,7,1925,10,2.518,30-Aug,
45c,07/19/17,2B,S,I,7,1926,1,2.643,30-Aug,
45c,07/19/17,2B,S,I,7,1927,5,2.524,30-Aug,
45c,07/19/17,2B,S,I,7,1928,1,2.393,30-Aug,
47c,07/19/17,2B,W,I,7,1929,41,1.898,30-Aug,
47c,07/19/17,2B,W,I,7,1930,121,1.937,30-Aug,
47c,07/19/17,2B,W,I,7,1931,16,2.622,30-Aug,
47c,07/19/17,2B,W,I,7,1932,74,2.626,30-Aug,
47c,07/19/17,2B,W,I,7,1933,44,2.949,30-Aug,
47c,07/19/17,2B,W,I,7,1934,6,2.976,30-Aug,
47c,07/19/17,2B,W,I,7,1935,87,2.589,30-Aug,
47c,07/19/17,2B,W,I,7,1936,67,2.312,30-Aug,
47c,07/19/17,2B,W,I,7,1937,2,2.552,30-Aug,
47c,07/19/17,2B,W,I,7,1938,115,2.727,30-Aug,
8c,07/06/17,1A,S,I,9,1989,21,2.022,31-Aug,
8c,07/06/17,1A,S,I,9,1990,0,2.574,31-Aug,
8c,07/06/17,1A,S,I,9,1991,29,2.292,31-Aug,
8c,07/06/17,1A,S,I,9,1992,52,2.328,31-Aug,
8c,07/06/17,1A,S,I,9,1993,0,2.639,31-Aug,
8c,07/06/17,1A,S,I,9,1994,1,2.458,31-Aug,
8c,07/06/17,1A,S,I,9,1995,0,2.764,31-Aug,
8c,07/06/17,1A,S,I,9,1996,1,2.317,31-Aug,
8c,07/06/17,1A,S,I,9,1997,1,2.352,31-Aug,CALLOW
8c,07/06/17,1A,S,I,9,1998,1,2.323,31-Aug,
16c,07/06/17,1A,W,I,9,1999,1,2.08,31-Aug,
16c,07/06/17,1A,W,I,9,2000,0,2.732,31-Aug,CALLOW
16c,07/06/17,1A,W,I,9,2001,28,2.861,31-Aug,
16c,07/06/17,1A,W,I,9,2002,1,2.713,31-Aug,CALLOW
16c,07/06/17,1A,W,I,9,2003,4,2.756,31-Aug,CALLOW
16c,07/06/17,1A,W,I,9,2004,0,2.264,31-Aug,CALLOW
16c,07/06/17,1A,W,I,9,2005,104,2.498,31-Aug,
16c,07/06/17,1A,W,I,9,2006,1,2.483,31-Aug,
16c,07/06/17,1A,W,I,9,2007,60,2.641,31-Aug,
21c,07/06/17,1A,W,I,9,2008,10,2.463,31-Aug,
21c,07/06/17,1A,W,I,9,2009,0,2.488,31-Aug,
21c,07/06/17,1A,W,I,9,2010,19,2.352,31-Aug,
21c,07/06/17,1A,W,I,9,2011,1,2.51,31-Aug,
21c,07/06/17,1A,W,I,9,2012,2,2.636,31-Aug,
21c,07/06/17,1A,W,I,9,2013,1,2.647,31-Aug,
21c,07/06/17,1A,W,I,9,2014,0,2.443,31-Aug,
21c,07/06/17,1A,W,I,9,2015,45,2.717,31-Aug,
21c,07/06/17,1A,W,I,9,2016,62,2.352,31-Aug,
21c,07/06/17,1A,W,I,9,2017,24,2.438,31-Aug,
25c,07/06/17,1A,S,I,9,2018,38,2.647,31-Aug,
25c,07/06/17,1A,S,I,9,2019,0,2.643,31-Aug,
25c,07/06/17,1A,S,I,9,2020,1,2.406,31-Aug,
25c,07/06/17,1A,S,I,9,2021,0,3.037,31-Aug,
25c,07/06/17,1A,S,I,9,2022,0,2.975,31-Aug,
25c,07/06/17,1A,S,I,9,2023,0,2.276,31-Aug,
25c,07/06/17,1A,S,I,9,2024,0,2.649,31-Aug,
25c,07/06/17,1A,S,I,9,2025,0,2.603,31-Aug,
2c,07/06/17,1A,S,I,9,2026,95,2.63,31-Aug,
2c,07/06/17,1A,S,I,9,2027,17,2.727,31-Aug,
2c,07/06/17,1A,S,I,9,2028,64,2.834,31-Aug,
6c,07/07/17,1B,S,I,9,2079,224,2.667,01-Sep,
6c,07/07/17,1B,S,I,9,2080,130,2.56,01-Sep,
6c,07/07/17,1B,S,I,9,2081,54,2.694,01-Sep,
18c,07/07/17,1B,W,I,9,2082,16,2.587,01-Sep,
18c,07/07/17,1B,W,I,9,2083,1,2.457,01-Sep,
18c,07/07/17,1B,W,I,9,2084,2,2.396,01-Sep,
18c,07/07/17,1B,W,I,9,2085,17,2.518,01-Sep,
18c,07/07/17,1B,W,I,9,2086,1,2.624,01-Sep,
18c,07/07/17,1B,W,I,9,2087,11,2.591,01-Sep,
18c,07/07/17,1B,W,I,9,2088,18,2.431,01-Sep,
18c,07/07/17,1B,W,I,9,2089,41,2.734,01-Sep,
18c,07/07/17,1B,W,I,9,2090,46,2.591,01-Sep,
18c,07/07/17,1B,W,I,9,2091,27,2.932,01-Sep,
1c,07/07/17,1B,S,I,9,2092,28,2.465,01-Sep,
1c,07/07/17,1B,S,I,9,2093,1,2.681,01-Sep,
1c,07/07/17,1B,S,I,9,2094,1,2.484,01-Sep,
1c,07/07/17,1B,S,I,9,2095,7,2.716,01-Sep,
1c,07/07/17,1B,S,I,9,2096,38,2.561,01-Sep,
1c,07/07/17,1B,S,I,9,2097,1,2.688,01-Sep,
1c,07/07/17,1B,S,I,9,2098,1,2.67,01-Sep,
1c,07/07/17,1B,S,I,9,2099,3,2.44,01-Sep,
1c,07/07/17,1B,S,I,9,2100,1,2.576,01-Sep,
1c,07/07/17,1B,S,I,9,2101,33,2.77,01-Sep,
14c,07/07/17,1B,W,I,9,2102,64,2.085,01-Sep,
14c,07/07/17,1B,W,I,9,2103,127,2.836,01-Sep,
14c,07/07/17,1B,W,I,9,2104,68,2.173,01-Sep,
14c,07/07/17,1B,W,I,9,2105,28,2.554,01-Sep,
14c,07/07/17,1B,W,I,9,2106,46,2.598,01-Sep,
14c,07/07/17,1B,W,I,9,2107,11,2.631,01-Sep,
14c,07/07/17,1B,W,I,9,2108,29,2.075,01-Sep,
14c,07/07/17,1B,W,I,9,2109,81,2.508,01-Sep,
14c,07/07/17,1B,W,I,9,2110,178,2.856,01-Sep,
14c,07/07/17,1B,W,I,9,2111,168,2.473,01-Sep,
9c,07/07/17,1B,W,I,9,2112,137,2.848,01-Sep,
9c,07/07/17,1B,W,I,9,2113,40,2.579,01-Sep,
9c,07/07/17,1B,W,I,9,2114,17,2.621,01-Sep,
9c,07/07/17,1B,W,I,9,2115,85,2.807,01-Sep,
9c,07/07/17,1B,W,I,9,2116,54,2.862,01-Sep,
9c,07/07/17,1B,W,I,9,2117,136,2.467,01-Sep,
9c,07/07/17,1B,W,I,9,2118,30,2.639,01-Sep,
9c,07/07/17,1B,W,I,9,2119,119,2.974,01-Sep,
9c,07/07/17,1B,W,I,9,2120,58,2.717,01-Sep,
9c,07/07/17,1B,W,I,9,2121,36,3.072,01-Sep,
42c,07/18/17,2A,S,I,8,2168,61,2.812,05-Sep,
42c,07/18/17,2A,S,I,8,2169,20,2.322,05-Sep,
42c,07/18/17,2A,S,I,8,2170,1,2.479,05-Sep,
42c,07/18/17,2A,S,I,8,2171,11,2.538,05-Sep,
42c,07/18/17,2A,S,I,8,2172,18,2.793,05-Sep,
42c,07/18/17,2A,S,I,8,2173,23,2.287,05-Sep,
42c,07/18/17,2A,S,I,8,2174,30,2.661,05-Sep,
42c,07/18/17,2A,S,I,8,2175,0,3.014,05-Sep,
43c,07/18/17,2A,W,I,8,2176,65,2.788,05-Sep,
43c,07/18/17,2A,W,I,8,2177,21,2.561,05-Sep,
43c,07/18/17,2A,W,I,8,2178,92,2.661,05-Sep,
43c,07/18/17,2A,W,I,8,2179,23,2.536,05-Sep,
43c,07/18/17,2A,W,I,8,2180,104,2.583,05-Sep,
43c,07/18/17,2A,W,I,8,2181,2,2.374,05-Sep,
43c,07/18/17,2A,W,I,8,2182,15,2.238,05-Sep,
43c,07/18/17,2A,W,I,8,2183,14,2.394,05-Sep,
43c,07/18/17,2A,W,I,8,2184,72,2.499,05-Sep,
43c,07/18/17,2A,W,I,8,2185,77,2.379,05-Sep,
32c,07/18/17,2A,S,I,8,2186,0,2.763,05-Sep,
32c,07/18/17,2A,S,I,8,2187,0,2.675,05-Sep,
32c,07/18/17,2A,S,I,8,2188,11,2.758,05-Sep,
32c,07/18/17,2A,S,I,8,2189,5,2.662,05-Sep,
32c,07/18/17,2A,S,I,8,2190,48,2.604,05-Sep,
32c,07/18/17,2A,S,I,8,2191,39,2.518,05-Sep,
32c,07/18/17,2A,S,I,8,2192,9,2.756,05-Sep,
32c,07/18/17,2A,S,I,8,2193,24,1.697,05-Sep,
32c,07/18/17,2A,S,I,8,2194,35,2.629,05-Sep,
32c,07/18/17,2A,S,I,8,2195,1,2.321,05-Sep,
28c,07/18/17,2A,W,I,8,2196,58,2.09,05-Sep,
28c,07/18/17,2A,W,I,8,2197,31,2.776,05-Sep,
28c,07/18/17,2A,W,I,8,2198,18,2.232,05-Sep,
28c,07/18/17,2A,W,I,8,2199,38,2.127,05-Sep,
28c,07/18/17,2A,W,I,8,2200,29,2.756,05-Sep,
28c,07/18/17,2A,W,I,8,2201,10,2.473,05-Sep,
28c,07/18/17,2A,W,I,8,2202,29,2.281,05-Sep,
28c,07/18/17,2A,W,I,8,2203,70,2.63,05-Sep,
28c,07/18/17,2A,W,I,8,2204,14,2.337,05-Sep,
28c,07/18/17,2A,W,I,8,2205,2,2.311,05-Sep,
30c,07/18/17,2A,S,I,8,2206,18,2.728,05-Sep,
30c,07/18/17,2A,S,I,8,2207,74,2.629,05-Sep,
30c,07/18/17,2A,S,I,8,2208,46,2.53,05-Sep,
30c,07/18/17,2A,S,I,8,2209,66,2.583,05-Sep,
30c,07/18/17,2A,S,I,8,2210,21,2.56,05-Sep,
30c,07/18/17,2A,S,I,8,2211,70,2.553,05-Sep,
40c,07/19/17,2B,W,I,8,2255,160,2.514,06-Sep,
40c,07/19/17,2B,W,I,8,2256,17,2.655,06-Sep,
40c,07/19/17,2B,W,I,8,2257,80,2.78,06-Sep,
40c,07/19/17,2B,W,I,8,2258,86,2.54,06-Sep,
40c,07/19/17,2B,W,I,8,2259,77,2.546,06-Sep,
40c,07/19/17,2B,W,I,8,2260,83,2.788,06-Sep,
29c,07/19/17,2B,W,I,8,2261,20,2.52,06-Sep,
29c,07/19/17,2B,W,I,8,2262,23,1.727,06-Sep,
29c,07/19/17,2B,W,I,8,2263,6,2.468,06-Sep,
29c,07/19/17,2B,W,I,8,2264,9,2.237,06-Sep,
29c,07/19/17,2B,W,I,8,2265,18,2.156,06-Sep,
29c,07/19/17,2B,W,I,8,2266,18,2.175,06-Sep,
29c,07/19/17,2B,W,I,8,2267,18,2.328,06-Sep,
29c,07/19/17,2B,W,I,8,2268,23,2.063,06-Sep,
29c,07/19/17,2B,W,I,8,2269,26,2.033,06-Sep,
29c,07/19/17,2B,W,I,8,2270,6,2.131,06-Sep,
33c,07/19/17,2B,W,I,8,2271,20,2.454,06-Sep,
33c,07/19/17,2B,W,I,8,2272,18,2.782,06-Sep,
33c,07/19/17,2B,W,I,8,2273,10,2.688,06-Sep,
33c,07/19/17,2B,W,I,8,2274,1,3.06,06-Sep,
33c,07/19/17,2B,W,I,8,2275,67,2.691,06-Sep,
33c,07/19/17,2B,W,I,8,2276,11,2.714,06-Sep,
33c,07/19/17,2B,W,I,8,2277,50,2.935,06-Sep,
33c,07/19/17,2B,W,I,8,2278,45,3.024,06-Sep,
33c,07/19/17,2B,W,I,8,2279,12,2.943,06-Sep,
33c,07/19/17,2B,W,I,8,2280,64,2.505,06-Sep,
47c,07/19/17,2B,W,I,8,2281,3,2.458,06-Sep,
47c,07/19/17,2B,W,I,8,2282,0,2.31,06-Sep,
47c,07/19/17,2B,W,I,8,2283,0,2.422,06-Sep,
47c,07/19/17,2B,W,I,8,2284,1,2.53,06-Sep,
47c,07/19/17,2B,W,I,8,2285,1,2.473,06-Sep,
47c,07/19/17,2B,W,I,8,2286,13,2.623,06-Sep,
47c,07/19/17,2B,W,I,8,2287,50,2.741,06-Sep,
47c,07/19/17,2B,W,I,8,2288,57,2.48,06-Sep,
47c,07/19/17,2B,W,I,8,2289,1,2.647,06-Sep,
45c,07/19/17,2B,S,I,8,2290,44,2.554,06-Sep,
45c,07/19/17,2B,S,I,8,2291,8,2.885,06-Sep,
45c,07/19/17,2B,S,I,8,2292,76,2.372,06-Sep,
47c,07/19/17,2B,W,I,8,2293,1,2.702,06-Sep,
45c,07/19/17,2B,S,I,8,2294,28,2.448,06-Sep,
45c,07/19/17,2B,S,I,8,2295,65,2.307,06-Sep,
45c,07/19/17,2B,S,I,8,2296,34,2.659,06-Sep,
45c,07/19/17,2B,S,I,8,2297,6,2.789,06-Sep,
45c,07/19/17,2B,S,I,8,2298,124,2.124,06-Sep,
45c,07/19/17,2B,S,I,8,2299,50,2.562,06-Sep,
45c,07/19/17,2B,S,I,8,2300,51,2.687,06-Sep,
2c,07/06/17,1A,S,I,10,2348,30,2.414,07-Sep,
2c,07/06/17,1A,S,I,10,2349,420,2.458,07-Sep,
2c,07/06/17,1A,S,I,10,2350,57,2.574,07-Sep,
25c,07/06/17,1A,S,I,10,2351,0,3.058,07-Sep,
25c,07/06/17,1A,S,I,10,2352,0,1.985,07-Sep,
25c,07/06/17,1A,S,I,10,2353,3,2.602,07-Sep,
25c,07/06/17,1A,S,I,10,2354,0,2.183,07-Sep,
25c,07/06/17,1A,S,I,10,2355,0,3.009,07-Sep,
25c,07/06/17,1A,S,I,10,2356,16,2.302,07-Sep,
16c,07/06/17,1A,W,I,10,2357,16,2.541,07-Sep,
16c,07/06/17,1A,W,I,10,2358,17,2.738,07-Sep,
16c,07/06/17,1A,W,I,10,2359,59,2.746,07-Sep,
16c,07/06/17,1A,W,I,10,2360,18,2.888,07-Sep,NOT MOVING/FLAGELLA
16c,07/06/17,1A,W,I,10,2361,56,2.656,07-Sep,
16c,07/06/17,1A,W,I,10,2362,105,2.743,07-Sep,
16c,07/06/17,1A,W,I,10,2363,193,2.917,07-Sep,
16c,07/06/17,1A,W,I,10,2364,21,2.902,07-Sep,
16c,07/06/17,1A,W,I,10,2365,51,2.908,07-Sep,
8c,07/06/17,1A,S,I,10,2366,5,2.483,07-Sep,
8c,07/06/17,1A,S,I,10,2367,1,2.439,07-Sep,
8c,07/06/17,1A,S,I,10,2368,10,2.274,07-Sep,
8c,07/06/17,1A,S,I,10,2369,1,2.557,07-Sep,
8c,07/06/17,1A,S,I,10,2370,0,2.75,07-Sep,
8c,07/06/17,1A,S,I,10,2371,0,2.645,07-Sep,SMELLY
8c,07/06/17,1A,S,I,10,2372,25,2.479,07-Sep,
8c,07/06/17,1A,S,I,10,2373,1,2.748,07-Sep,
8c,07/06/17,1A,S,I,10,2374,0,2.801,07-Sep,
8c,07/06/17,1A,S,I,10,2375,0,2.97,07-Sep,
21c,07/06/17,1A,W,I,10,2376,16,2.921,07-Sep,
21c,07/06/17,1A,W,I,10,2377,110,2.502,07-Sep,
21c,07/06/17,1A,W,I,10,2378,57,2.885,07-Sep,
21c,07/06/17,1A,W,I,10,2379,18,2.75,07-Sep,
21c,07/06/17,1A,W,I,10,2380,75,2.58,07-Sep,
21c,07/06/17,1A,W,I,10,2381,61,2.572,07-Sep,
21c,07/06/17,1A,W,I,10,2382,45,2.629,07-Sep,
21c,07/06/17,1A,W,I,10,2383,0,2.724,07-Sep,SMELLY
21c,07/06/17,1A,W,I,10,2384,112,2.593,07-Sep,
21c,07/06/17,1A,W,I,10,2385,25,2.703,07-Sep,
6c,07/07/17,1B,S,I,10,2434,306,2.745,08-Sep,
6c,07/07/17,1B,S,I,10,2435,0,2.603,08-Sep,
6c,07/07/17,1B,S,I,10,2436,71,2.141,08-Sep,
6c,07/07/17,1B,S,I,10,2437,98,2.486,08-Sep,
6c,07/07/17,1B,S,I,10,2438,16,2.595,08-Sep,NOT MOVING/FLAGELLA
6c,07/07/17,1B,S,I,10,2439,0,2.024,08-Sep,
6c,07/07/17,1B,S,I,10,2440,88,2.051,08-Sep,
6c,07/07/17,1B,S,I,10,2441,1,2.64,08-Sep,
1c,07/07/17,1B,S,I,10,2442,64,2.699,08-Sep,
1c,07/07/17,1B,S,I,10,2443,1,2.754,08-Sep,
1c,07/07/17,1B,S,I,10,2444,8,2.781,08-Sep,
1c,07/07/17,1B,S,I,10,2445,44,2.385,08-Sep,
1c,07/07/17,1B,S,I,10,2446,13,2.644,08-Sep,
1c,07/07/17,1B,S,I,10,2447,23,2.641,08-Sep,
1c,07/07/17,1B,S,I,10,2448,42,2.017,08-Sep,
1c,07/07/17,1B,S,I,10,2449,0,2.352,08-Sep,
1c,07/07/17,1B,S,I,10,2450,31,2.723,08-Sep,
1c,07/07/17,1B,S,I,10,2451,70,2.488,08-Sep,
14c,07/07/17,1B,W,I,10,2452,133,2.622,08-Sep,
14c,07/07/17,1B,W,I,10,2453,28,2.653,08-Sep,
14c,07/07/17,1B,W,I,10,2454,197,2.759,08-Sep,
14c,07/07/17,1B,W,I,10,2455,83,2.591,08-Sep,
14c,07/07/17,1B,W,I,10,2456,50,2.646,08-Sep,
14c,07/07/17,1B,W,I,10,2457,7,2.814,08-Sep,
14c,07/07/17,1B,W,I,10,2458,80,2.466,08-Sep,
14c,07/07/17,1B,W,I,10,2459,49,2.93,08-Sep,
14c,07/07/17,1B,W,I,10,2460,86,2.707,08-Sep,
14c,07/07/17,1B,W,I,10,2461,94,2.392,08-Sep,
18c,07/07/17,1B,W,I,10,2462,20,2.388,08-Sep,
18c,07/07/17,1B,W,I,10,2463,1,2.364,08-Sep,
18c,07/07/17,1B,W,I,10,2464,93,2.926,08-Sep,
18c,07/07/17,1B,W,I,10,2465,33,2.6,08-Sep,
18c,07/07/17,1B,W,I,10,2466,20,2.736,08-Sep,
18c,07/07/17,1B,W,I,10,2467,21,2.336,08-Sep,
18c,07/07/17,1B,W,I,10,2468,11,2.653,08-Sep,
18c,07/07/17,1B,W,I,10,2469,57,2.695,08-Sep,
18c,07/07/17,1B,W,I,10,2470,46,2.284,08-Sep,
18c,07/07/17,1B,W,I,10,2471,17,2.733,08-Sep,
9c,07/07/17,1B,W,I,10,2472,21,2.135,08-Sep,
9c,07/07/17,1B,W,I,10,2473,3,2.304,08-Sep,
9c,07/07/17,1B,W,I,10,2474,2,2.166,08-Sep,
9c,07/07/17,1B,W,I,10,2475,11,2.517,08-Sep,
9c,07/07/17,1B,W,I,10,2476,27,2.281,08-Sep,
9c,07/07/17,1B,W,I,10,2477,9,2.543,08-Sep,
9c,07/07/17,1B,W,I,10,2478,19,3.075,08-Sep,
9c,07/07/17,1B,W,I,10,2479,21,2.402,08-Sep,
9c,07/07/17,1B,W,I,10,2480,1,2.769,08-Sep,
9c,07/07/17,1B,W,I,10,2481,45,2.25,08-Sep,
43c,07/18/17,2A,W,I,9,2532,60,2.408,12-Sep,
43c,07/18/17,2A,W,I,9,2533,108,2.72,12-Sep,
43c,07/18/17,2A,W,I,9,2534,73,2.111,12-Sep,
43c,07/18/17,2A,W,I,9,2535,6,2.01,12-Sep,
43c,07/18/17,2A,W,I,9,2536,58,2.141,12-Sep,
43c,07/18/17,2A,W,I,9,2537,115,1.866,12-Sep,
43c,07/18/17,2A,W,I,9,2538,66,2.346,12-Sep,
43c,07/18/17,2A,W,I,9,2539,14,2.241,12-Sep,
43c,07/18/17,2A,W,I,9,2540,138,2.335,12-Sep,
43c,07/18/17,2A,W,I,9,2541,33,2.505,12-Sep,
30c,07/18/17,2A,S,I,9,2542,3,2.541,12-Sep,
30c,07/18/17,2A,S,I,9,2543,30,2.324,12-Sep,
30c,07/18/17,2A,S,I,9,2544,44,2.132,12-Sep,
30c,07/18/17,2A,S,I,9,2545,73,2.467,12-Sep,
32c,07/18/17,2A,S,I,9,2546,5,2.649,12-Sep,
32c,07/18/17,2A,S,I,9,2547,11,2.694,12-Sep,
32c,07/18/17,2A,S,I,9,2548,0,2.353,12-Sep,
32c,07/18/17,2A,S,I,9,2549,28,2.589,12-Sep,
32c,07/18/17,2A,S,I,9,2550,63,2.787,12-Sep,
32c,07/18/17,2A,S,I,9,2551,27,2.319,12-Sep,
32c,07/18/17,2A,S,I,9,2552,15,2.667,12-Sep,
32c,07/18/17,2A,S,I,9,2553,2,2.354,12-Sep,
32c,07/18/17,2A,S,I,9,2554,39,2.689,12-Sep,
32c,07/18/17,2A,S,I,9,2555,8,2.802,12-Sep,
42c,07/18/17,2A,S,I,9,2556,0,2.318,12-Sep,
42c,07/18/17,2A,S,I,9,2557,0,2.709,12-Sep,
42c,07/18/17,2A,S,I,9,2558,13,2.506,12-Sep,
42c,07/18/17,2A,S,I,9,2559,53,2.741,12-Sep,
42c,07/18/17,2A,S,I,9,2560,73,2.459,12-Sep,
42c,07/18/17,2A,S,I,9,2561,29,2.341,12-Sep,
28c,07/18/17,2A,W,I,9,2562,40,2.536,12-Sep,
28c,07/18/17,2A,W,I,9,2563,77,2.315,12-Sep,
28c,07/18/17,2A,W,I,9,2564,27,2.151,12-Sep,
28c,07/18/17,2A,W,I,9,2565,8,2.277,12-Sep,
28c,07/18/17,2A,W,I,9,2566,55,2.516,12-Sep,
28c,07/18/17,2A,W,I,9,2567,33,2.392,12-Sep,
29c,07/19/17,2B,W,I,9,2611,5,2.355,13-Sep,
29c,07/19/17,2B,W,I,9,2612,11,2.611,13-Sep,
29c,07/19/17,2B,W,I,9,2613,27,2.584,13-Sep,
29c,07/19/17,2B,W,I,9,2614,10,2.152,13-Sep,
29c,07/19/17,2B,W,I,9,2615,50,2.553,13-Sep,
29c,07/19/17,2B,W,I,9,2616,60,2.279,13-Sep,
29c,07/19/17,2B,W,I,9,2617,14,2.472,13-Sep,
29c,07/19/17,2B,W,I,9,2618,45,2.038,13-Sep,
29c,07/19/17,2B,W,I,9,2619,35,2.124,13-Sep,
29c,07/19/17,2B,W,I,9,2620,27,2.425,13-Sep,
40c,07/19/17,2B,W,I,9,2621,107,2.488,13-Sep,
40c,07/19/17,2B,W,I,9,2622,68,2.511,13-Sep,
40c,07/19/17,2B,W,I,9,2623,76,2.716,13-Sep,
45c,07/19/17,2B,S,I,9,2624,32,2.568,13-Sep,
45c,07/19/17,2B,S,I,9,2625,19,2.388,13-Sep,
45c,07/19/17,2B,S,I,9,2626,20,2.523,13-Sep,
45c,07/19/17,2B,S,I,9,2627,13,2.989,13-Sep,
45c,07/19/17,2B,S,I,9,2628,29,2.381,13-Sep,
45c,07/19/17,2B,S,I,9,2629,5,2.406,13-Sep,
45c,07/19/17,2B,S,I,9,2630,8,2.038,13-Sep,
45c,07/19/17,2B,S,I,9,2631,8,2.292,13-Sep,
45c,07/19/17,2B,S,I,9,2632,0,2.166,13-Sep,
45c,07/19/17,2B,S,I,9,2633,7,2.667,13-Sep,
33c,07/19/17,2B,W,I,9,2634,2,2.473,13-Sep,
33c,07/19/17,2B,W,I,9,2635,7,1.91,13-Sep,
33c,07/19/17,2B,W,I,9,2636,4,2.325,13-Sep,
33c,07/19/17,2B,W,I,9,2637,16,2.787,13-Sep,
33c,07/19/17,2B,W,I,9,2638,5,2.339,13-Sep,
33c,07/19/17,2B,W,I,9,2639,15,2.147,13-Sep,
33c,07/19/17,2B,W,I,9,2640,10,2.998,13-Sep,
33c,07/19/17,2B,W,I,9,2641,41,2.544,13-Sep,
33c,07/19/17,2B,W,I,9,2642,43,2.347,13-Sep,
33c,07/19/17,2B,W,I,9,2643,7,2.496,13-Sep,
47c,07/19/17,2B,W,I,9,2644,83,2.742,13-Sep,
47c,07/19/17,2B,W,I,9,2645,69,2.731,13-Sep,
47c,07/19/17,2B,W,I,9,2646,47,2.255,13-Sep,
47c,07/19/17,2B,W,I,9,2647,4,3.157,13-Sep,
47c,07/19/17,2B,W,I,9,2648,24,2.767,13-Sep,
47c,07/19/17,2B,W,I,9,2649,117,2.807,13-Sep,
47c,07/19/17,2B,W,I,9,2650,101,2.73,13-Sep,
47c,07/19/17,2B,W,I,9,2651,36,2.557,13-Sep,
47c,07/19/17,2B,W,I,9,2652,25,2.676,13-Sep,
47c,07/19/17,2B,W,I,9,2653,13,2.092,13-Sep,
30c,07/18/17,2A,S,I,10,2701,37,2.715,19-Sep,
30c,07/18/17,2A,S,I,10,2702,11,2.564,19-Sep,STINKY
30c,07/18/17,2A,S,I,10,2703,50,2.479,19-Sep,STINKY
42c,07/18/17,2A,S,I,10,2704,50,2.512,19-Sep,
42c,07/18/17,2A,S,I,10,2705,0,2.358,19-Sep,STINKY
42c,07/18/17,2A,S,I,10,2706,83,2.561,19-Sep,
42c,07/18/17,2A,S,I,10,2707,22,2.42,19-Sep,
42c,07/18/17,2A,S,I,10,2708,19,2.707,19-Sep,
42c,07/18/17,2A,S,I,10,2709,63,2.322,19-Sep,
42c,07/18/17,2A,S,I,10,2710,15,2.6,19-Sep,
42c,07/18/17,2A,S,I,10,2711,9,2.645,19-Sep,
42c,07/18/17,2A,S,I,10,2712,21,2.432,19-Sep,
42c,07/18/17,2A,S,I,10,2713,1,2.248,19-Sep,
28c,07/18/17,2A,W,I,10,2714,4,2.533,19-Sep,
28c,07/18/17,2A,W,I,10,2715,11,2.241,19-Sep,
28c,07/18/17,2A,W,I,10,2716,60,2.482,19-Sep,
28c,07/18/17,2A,W,I,10,2717,20,2.305,19-Sep,
28c,07/18/17,2A,W,I,10,2718,36,2.501,19-Sep,
28c,07/18/17,2A,W,I,10,2719,30,2.493,19-Sep,
28c,07/18/17,2A,W,I,10,2720,75,2.683,19-Sep,
28c,07/18/17,2A,W,I,10,2721,201,3.037,19-Sep,
28c,07/18/17,2A,W,I,10,2722,120,2.771,19-Sep,
28c,07/18/17,2A,W,I,10,2723,91,2.474,19-Sep,
32c,07/18/17,2A,S,I,10,2724,19,2.33,19-Sep,
32c,07/18/17,2A,S,I,10,2725,44,2.528,19-Sep,
32c,07/18/17,2A,S,I,10,2726,4,2.374,19-Sep,
32c,07/18/17,2A,S,I,10,2727,36,2.737,19-Sep,
32c,07/18/17,2A,S,I,10,2728,31,2.714,19-Sep,
32c,07/18/17,2A,S,I,10,2729,13,2.506,19-Sep,
32c,07/18/17,2A,S,I,10,2730,13,2.838,19-Sep,
32c,07/18/17,2A,S,I,10,2731,3,2.709,19-Sep,
32c,07/18/17,2A,S,I,10,2732,17,2.621,19-Sep,
32c,07/18/17,2A,S,I,10,2733,6,2.809,19-Sep,
43c,07/18/17,2A,W,I,10,2734,70,2.486,19-Sep,
43c,07/18/17,2A,W,I,10,2735,121,2.558,19-Sep,
43c,07/18/17,2A,W,I,10,2736,127,2.682,19-Sep,
43c,07/18/17,2A,W,I,10,2737,103,2.457,19-Sep,
43c,07/18/17,2A,W,I,10,2738,58,2.503,19-Sep,
43c,07/18/17,2A,W,I,10,2739,98,1.977,19-Sep,
43c,07/18/17,2A,W,I,10,2740,126,1.978,19-Sep,
43c,07/18/17,2A,W,I,10,2741,105,2.265,19-Sep,STINKY
43c,07/18/17,2A,W,I,10,2742,64,2.622,19-Sep,
43c,07/18/17,2A,W,I,10,2743,78,2.453,19-Sep,
45c,07/19/17,2B,S,I,10,2794,1,1.883,20-Sep,
45c,07/19/17,2B,S,I,10,2795,15,2.526,20-Sep,
45c,07/19/17,2B,S,I,10,2796,0,2.45,20-Sep,
45c,07/19/17,2B,S,I,10,2797,18,2.584,20-Sep,
45c,07/19/17,2B,S,I,10,2798,29,2.608,20-Sep,
45c,07/19/17,2B,S,I,10,2799,74,2.648,20-Sep,
45c,07/19/17,2B,S,I,10,2800,16,2.386,20-Sep,
45c,07/19/17,2B,S,I,10,2801,6,2.325,20-Sep,
45c,07/19/17,2B,S,I,10,2802,0,2.58,20-Sep,
45c,07/19/17,2B,S,I,10,2803,11,2.69,20-Sep,
29c,07/19/17,2B,W,I,10,2804,31,1.951,20-Sep,
29c,07/19/17,2B,W,I,10,2805,85,2.204,20-Sep,
29c,07/19/17,2B,W,I,10,2806,60,2.467,20-Sep,
29c,07/19/17,2B,W,I,10,2807,24,2.555,20-Sep,
29c,07/19/17,2B,W,I,10,2808,70,2.354,20-Sep,
29c,07/19/17,2B,W,I,10,2809,28,2.15,20-Sep,
29c,07/19/17,2B,W,I,10,2810,0,2.057,20-Sep,STINKY
29c,07/19/17,2B,W,I,10,2811,48,1.906,20-Sep,
29c,07/19/17,2B,W,I,10,2812,79,2.463,20-Sep,
29c,07/19/17,2B,W,I,10,2813,43,2.449,20-Sep,
40c,07/19/17,2B,W,I,10,2814,157,2.775,20-Sep,
40c,07/19/17,2B,W,I,10,2815,17,2.836,20-Sep,
40c,07/19/17,2B,W,I,10,2816,120,2.684,20-Sep,
40c,07/19/17,2B,W,I,10,2817,158,2.325,20-Sep,
40c,07/19/17,2B,W,I,10,2818,48,2.188,20-Sep,
40c,07/19/17,2B,W,I,10,2819,81,2.627,20-Sep,
40c,07/19/17,2B,W,I,10,2820,116,2.981,20-Sep,
40c,07/19/17,2B,W,I,10,2821,48,2.739,20-Sep,
40c,07/19/17,2B,W,I,10,2822,38,2.503,20-Sep,
40c,07/19/17,2B,W,I,10,2823,137,2.935,20-Sep,
33c,07/19/17,2B,W,I,10,2824,4,1.976,20-Sep,
33c,07/19/17,2B,W,I,10,2825,26,2.397,20-Sep,
33c,07/19/17,2B,W,I,10,2826,30,2.687,20-Sep,
33c,07/19/17,2B,W,I,10,2827,29,2.487,20-Sep,
33c,07/19/17,2B,W,I,10,2828,1,2.345,20-Sep,
33c,07/19/17,2B,W,I,10,2829,5,2.186,20-Sep,
33c,07/19/17,2B,W,I,10,2830,23,2.328,20-Sep,
33c,07/19/17,2B,W,I,10,2831,23,2.582,20-Sep,
33c,07/19/17,2B,W,I,10,2832,12,2.192,20-Sep,
33c,07/19/17,2B,W,I,10,2833,45,2.43,20-Sep,
47c,07/19/17,2B,W,I,10,2834,53,2.968,20-Sep,
47c,07/19/17,2B,W,I,10,2835,24,2.801,20-Sep,
47c,07/19/17,2B,W,I,10,2836,43,2.667,20-Sep,
47c,07/19/17,2B,W,I,10,2837,43,2.318,20-Sep,
47c,07/19/17,2B,W,I,10,2838,24,2.555,20-Sep,
47c,07/19/17,2B,W,I,10,2839,54,2.279,20-Sep,
47c,07/19/17,2B,W,I,10,2840,62,2.701,20-Sep,
47c,07/19/17,2B,W,I,10,2841,136,2.095,20-Sep,
47c,07/19/17,2B,W,I,10,2842,40,2.75,20-Sep,
47c,07/19/17,2B,W,I,10,2843,110,2.379,20-Sep,